Country or Area,Life expectancy,Year,Child overweight percent,Child underweight percent,GDP,Literacy,Wage
Afghanistan,41.0,1985,,,3322.0,4.99%,
Afghanistan,41.0,1990,,,3622.0,4.99%,
Albania,72.0,1985,,,2339.0,,
Albania,72.0,1990,,,2221.0,,
Algeria,66.0,1985,,,61132.0,,
Algeria,66.0,1990,,,61892.0,35.84%,
Angola,40.0,1985,,,8457.0,,
Angola,40.0,1990,,,12571.0,,
Argentina,71.5,1985,,,95593.0,93.58%,
Argentina,71.5,1990,,,153205.0,93.58%,
Armenia,68.5,1990,,,2257.0,98.15%,
Australia,76.0,1985,,,174057.0,,63.864
Australia,76.0,1990,,,323373.0,,63.864
Austria,75.0,1985,,,68624.0,,55.648
Austria,75.0,1990,,,166867.0,,55.648
Azerbaijan,66.0,1990,,,8858.0,,
Bahamas,69.5,1985,,,3923.0,,
Bahamas,69.5,1990,,,5218.0,,
Bahrain,71.0,1985,,,4278.0,58.59%,
Bahrain,71.0,1990,,,4965.0,58.59%,
Bangladesh,53.0,1985,,,24756.0,17.97%,
Bangladesh,53.0,1990,0.6,61.5,35383.0,17.97%,
Barbados,74.5,1985,,,1418.0,99.60%,
Barbados,74.5,1990,,,2024.0,99.60%,
Belarus,71.5,1990,,,21650.0,96.63%,
Belgium,75.5,1985,,,84920.0,,57.226
Belgium,75.5,1990,,,201220.0,,57.226
Belize,72.0,1985,,,209.0,,
Belize,72.0,1990,,,412.0,,
Benin,52.5,1985,,,1156.0,9.54%,
Benin,52.5,1990,,,2114.0,9.54%,
Bhutan,50.5,1985,,,167.0,,
Bhutan,50.5,1990,,,281.0,,
Bolivia,57.5,1985,,,4059.0,51.37%,
Bolivia,57.5,1990,,,4868.0,51.37%,
Bolivia,,1990,,9.7,4868.0,51.37%,
Bosnia and Herzegovina,72.0,1990,,,7755.0,,
Botswana,63.5,1985,,,1118.0,,
Botswana,63.5,1990,,,3803.0,,
Brazil,65.5,1985,,,226858.0,72.85%,
Brazil,65.5,1990,,,455173.0,72.85%,
Brunei,73.5,1985,,,4434.0,68.84%,
Brunei,73.5,1990,,,3908.0,68.84%,
Bulgaria,71.5,1985,,,26258.0,,8.39
Bulgaria,71.5,1990,,,19768.0,,8.39
Burkina Faso,49.5,1985,,,1553.0,3.18%,
Burkina Faso,49.5,1990,,,3101.0,3.18%,
Burundi,48.0,1985,,,1170.0,11.98%,
Burundi,48.0,1990,,,1131.0,27.53%,
Cambodia,54.0,1985,,,1059.0,,
Cambodia,54.0,1990,,,899.0,,
Cameroon,55.0,1985,,,9903.0,29.12%,
Cameroon,55.0,1990,,,13553.0,29.12%,
Canada,77.0,1985,,,366185.0,,39.792
Canada,77.0,1990,,,596076.0,,39.792
Cape Verde,64.5,1985,,,152.0,,
Cape Verde,,1985,,16.5,152.0,,
Cape Verde,64.5,1990,,,339.0,53.00%,
Central African Republic,50.5,1985,,,883.0,8.40%,
Central African Republic,50.5,1990,,,1572.0,20.34%,
Chad,51.0,1985,,,983.0,,
Chad,51.0,1990,,,1826.0,,
Chile,73.0,1985,,,17238.0,90.80%,15.063
Chile,73.0,1990,,,32998.0,90.80%,15.063
China,67.5,1985,,,312616.0,51.14%,
China,67.5,1990,5.3333333333,12.6,398623.0,68.07%,
Colombia,68.0,1985,,,48415.0,,
Colombia,68.0,1990,,,55879.0,,
Comoros,55.0,1985,,,120.0,40.32%,
Comoros,55.0,1990,,,250.0,40.32%,
Democratic Republic of the Congo,57.5,1985,,,31943.0,,
Democratic Republic of the Congo,57.5,1985,,,1276.0,,
Democratic Republic of the Congo,57.5,1990,,,41448.0,,
Democratic Republic of the Congo,57.5,1990,,,2799.0,,
Costa Rica,75.5,1985,,,3926.0,92.58%,
Costa Rica,75.5,1990,,2.5,5716.0,92.58%,
Croatia,71.5,1990,,,24782.0,,15.088
Cuba,75.0,1985,,,22921.0,,
Cuba,75.0,1990,,,28645.0,,
Cyprus,76.0,1985,,,2611.0,,27.225
Cyprus,76.0,1990,,,6003.0,,27.225
Czech Republic,71.5,1990,,,40477.0,,12.931
Denmark,75.0,1985,,,62658.0,,60.375
Denmark,75.0,1990,,,138248.0,,60.375
Djibouti,50.5,1985,,,341.0,,
Djibouti,50.5,1990,,,452.0,,
Dominican Republic,66.5,1985,,,119.0,72.54%,
Dominican Republic,66.5,1985,,,6496.0,72.54%,
Dominican Republic,66.5,1990,,,201.0,72.54%,
Dominican Republic,66.5,1990,,,7995.0,72.54%,
Ecuador,67.5,1985,,,18830.0,80.41%,
Ecuador,67.5,1990,,,12236.0,86.19%,
Egypt,60.0,1985,,,48841.0,22.44%,
Egypt,60.0,1990,,,96087.0,31.39%,
El Salvador,63.5,1985,,,2319.0,,
El Salvador,63.5,1990,,,4818.0,,
Equatorial Guinea,45.5,1985,,,74.0,,
Equatorial Guinea,45.5,1990,,,133.0,,
Eritrea,46.5,1990,,,332.0,,
Estonia,70.5,1990,,,5618.0,99.60%,19.018
Ethiopia,46.5,1985,,,9808.0,,
Ethiopia,46.5,1990,,,12595.0,,
Federated States of Micronesia,65.5,1985,,,108.0,,
Federated States of Micronesia,65.5,1990,,,147.0,,
Fiji,67.0,1985,,,1168.0,,
Fiji,67.0,1990,,,1337.0,,
Finland,75.0,1985,,,56223.0,,51.946
Finland,75.0,1990,,,141797.0,,51.946
France,76.0,1985,,,557561.0,,46.574
France,76.0,1990,,,1272430.0,,46.574
Gabon,60.5,1985,,,3736.0,,
Gabon,60.5,1990,,,6339.0,,
Gambia,49.0,1985,,,502.0,,
Gambia,49.0,1990,,,751.0,,
Georgia,70.5,1990,,,7754.0,,
Germany,75.0,1985,,,658536.0,,59.695
Germany,75.0,1990,,,1592590.0,,59.695
Ghana,56.0,1985,,,15379.0,,
Ghana,56.0,1990,,,14898.0,,
Greece,76.5,1985,,,47936.0,85.32%,25.054
Greece,76.5,1990,,,97963.0,85.32%,25.054
Grenada,66.0,1985,,,168.0,98.60%,
Grenada,66.0,1990,,,278.0,98.60%,
Guatemala,61.0,1985,,,10385.0,,
Guatemala,61.0,1990,,,7106.0,,
Guinea,45.5,1985,,,2473.0,,
Guinea,45.5,1990,,,3710.0,,
Guinea-Bissau,41.5,1985,,,287.0,8.59%,
Guinea-Bissau,41.5,1990,,,324.0,8.59%,
Guyana,62.0,1985,,,474.0,,
Guyana,62.0,1990,,,652.0,,
Haiti,53.5,1985,,,2337.0,32.52%,
Haiti,53.5,1990,,23.7,990.0,32.52%,
Honduras,65.0,1985,,,4976.0,,
Honduras,65.0,1990,,,4169.0,,
Hong Kong SAR,77.0,1985,,,35700.0,,
Hong Kong SAR,77.0,1990,,,76929.0,,
Hungary,70.0,1985,,,21438.0,98.45%,11.353
Hungary,70.0,1990,,,34361.0,98.45%,11.353
Iceland,77.5,1985,,,3012.0,,84.534
Iceland,77.5,1990,,,6510.0,,84.534
India,58.5,1985,,,237618.0,25.68%,
India,58.5,1990,,59.5,326608.0,25.68%,
Indonesia,60.5,1985,,,107062.0,57.69%,
Indonesia,60.5,1990,,,138258.0,75.27%,
Iran,63.0,1985,,,179718.0,24.42%,
Iran,63.0,1990,,,575265.0,41.03%,
Iraq,65.5,1985,,,48285.0,,
Iraq,65.5,1990,,,179886.0,,
Ireland,74.5,1985,,,21161.0,,55.24
Ireland,74.5,1990,,,48184.0,,55.24
Israel,75.5,1985,,,26531.0,88.67%,35.496
Israel,75.5,1990,,,58022.0,88.67%,35.496
Italy,76.5,1985,,,458065.0,95.54%,36.956
Italy,76.5,1990,,,1171000.0,95.54%,36.956
Jamaica,71.5,1985,,,1993.0,,
Jamaica,71.5,1990,,,4663.0,,
Japan,78.5,1985,,,1398890.0,,41.352
Japan,78.5,1990,,,3132820.0,,41.352
Jordan,66.0,1985,,,5001.0,52.11%,
Jordan,66.0,1990,8.6,4.8,4161.0,52.11%,
Kazakhstan,67.0,1990,,,26933.0,96.14%,
Kenya,59.5,1985,,,8746.0,,
Kenya,59.5,1990,,,12180.0,,
Democratic People's Republic of Korea,70.0,1985,,,12075.0,,
Democratic People's Republic of Korea,70.0,1990,,,14702.0,,
Kuwait,74.5,1985,,,21540.0,68.85%,
Kuwait,74.5,1990,,,18293.0,68.85%,
Kyrgyzstan,66.0,1990,,,2675.0,,
Laos,52.5,1985,,,3685.0,,
Laos,52.5,1990,,,1742.0,,
Latvia,70.5,1990,,,7447.0,99.19%,13.059
Lebanon,68.5,1985,,,3563.0,,
Lebanon,68.5,1990,,,2799.0,,
Lesotho,57.0,1985,,,312.0,,
Lesotho,57.0,1990,,,666.0,,
Liberia,46.0,1985,,,850.0,19.30%,
Liberia,46.0,1990,,,380.0,19.30%,
Libya,67.0,1985,,,29440.0,42.31%,
Libya,67.0,1990,,,30644.0,42.31%,
Lithuania,71.5,1990,,,10507.0,97.78%,13.133
Luxembourg,74.0,1985,,,4562.0,,70.266
Luxembourg,74.0,1990,,,12680.0,,70.266
Macedonia,71.0,1990,,,4700.0,,
Madagascar,49.0,1985,,,2858.0,,
Madagascar,49.0,1990,,,3081.0,,
Malawi,47.5,1985,,,1962.0,,
Malawi,47.5,1990,,,2999.0,33.52%,
Malaysia,70.0,1985,,,33612.0,61.25%,
Malaysia,70.0,1990,,22.1,46575.0,61.25%,
Maldives,59.5,1985,,,134.0,92.36%,
Maldives,59.5,1990,,,231.0,96.15%,
Mali,46.5,1985,,,1426.0,5.74%,
Mali,46.5,1990,,,3223.0,5.74%,
Malta,75.0,1985,,,1118.0,87.29%,27.554
Malta,75.0,1990,,,2547.0,87.29%,27.554
Mauritania,56.0,1985,,,781.0,,
Mauritania,56.0,1990,6.7666666667,43.3333333333,1213.0,,
Mauritius,69.0,1985,8.8,21.1,1107.0,,
Mauritius,69.0,1990,,,2706.0,74.66%,
Mexico,70.0,1985,,,217388.0,79.89%,6.671
Mexico,70.0,1990,,,290402.0,84.96%,6.671
Mongolia,60.5,1985,,,3851.0,,
Mongolia,60.5,1990,,,3131.0,,
Montenegro,74.5,1990,,,2147.0,83.24%,
Morocco,63.0,1985,,,15043.0,17.51%,
Morocco,63.0,1990,,,30180.0,17.51%,
Mozambique,42.5,1985,,,5285.0,12.10%,
Mozambique,42.5,1990,,,4130.0,12.10%,
Myanmar,58.0,1985,,34.1,6607.0,71.63%,
Myanmar,58.0,1990,,28.8,5189.0,71.63%,
Namibia,61.0,1985,,,1606.0,,
Namibia,61.0,1990,,,2838.0,,
Nepal,52.5,1985,,,2812.0,9.15%,
Nepal,52.5,1990,,,3894.0,9.15%,
Netherlands,77.0,1985,,,144398.0,,60.9
Netherlands,77.0,1990,,,320839.0,,60.9
New Zealand,75.0,1985,,,22508.0,,39.08
New Zealand,75.0,1990,,,45774.0,,39.08
Nicaragua,62.5,1985,,,3854.0,,
Nicaragua,62.5,1990,,,519.0,,
Niger,44.5,1985,,45.0,1440.0,,
Niger,44.5,1990,,,2480.0,,
Nigeria,46.5,1985,,,26725.0,,
Nigeria,46.5,1990,3.2,35.1333333333,62165.0,,
Norway,76.5,1985,,,65417.0,,68.434
Norway,76.5,1990,,,119791.0,,68.434
Oman,68.0,1985,,,10395.0,,
Oman,68.0,1990,,,11686.0,,
Pakistan,58.0,1985,,,40565.0,14.77%,
Pakistan,58.0,1990,,,52426.0,14.77%,
State of Palestine,67.0,1985,,,1005.0,,
State of Palestine,67.0,1990,,,1936.0,,
Panama,72.0,1985,,,5726.0,88.05%,
Panama,72.0,1990,,,5632.0,88.21%,
Papua New Guinea,54.0,1985,,,3306.0,,
Papua New Guinea,54.0,1990,,,4840.0,,
Paraguay,67.5,1985,,,4214.0,75.85%,
Paraguay,67.5,1990,6.2666666667,2.8,4904.0,75.85%,
Peru,64.5,1985,,,16823.0,73.86%,
Peru,64.5,1990,,,28326.0,73.86%,
Philippines,64.0,1985,,,33995.0,82.76%,
Philippines,64.0,1990,,29.9,49095.0,93.18%,
Poland,71.0,1985,,,70775.0,98.25%,13.079
Poland,71.0,1990,,,62084.0,98.25%,13.079
Portugal,73.5,1985,,,27233.0,74.61%,21.663
Portugal,73.5,1990,,,79447.0,74.61%,21.663
Qatar,69.0,1985,,,6272.0,,
Qatar,69.0,1990,,,7360.0,72.46%,
Moldova,67.5,1990,,,3593.0,94.44%,
Romania,70.0,1985,,,48595.0,,10.998
Romania,70.0,1990,,,38762.0,,10.998
Russian Federation,69.0,1990,,,516814.0,96.76%,
Rwanda,44.0,1985,,,1853.0,26.57%,
Rwanda,44.0,1990,,,2491.0,26.57%,
Saint Lucia,71.0,1985,,,254.0,,
Saint Lucia,71.0,1990,,,518.0,,
Samoa,64.0,1985,,,103.0,,
Samoa,64.0,1990,,,177.0,,
Sao Tome and Principe,61.5,1985,,,83.0,42.36%,
Sao Tome and Principe,61.5,1990,,,120.0,42.36%,
Saudi Arabia,66.5,1985,,,103894.0,,
Saudi Arabia,66.5,1990,,,117473.0,,
Senegal,56.0,1985,,,3750.0,,
Senegal,56.0,1990,,,7237.0,17.86%,
Serbia,71.5,1990,,,40444.0,,
Sierra Leone,40.0,1985,,,1755.0,,
Sierra Leone,40.0,1990,,25.4,948.0,,
Singapore,73.5,1985,,,18555.0,73.97%,
Singapore,73.5,1990,,,38900.0,83.03%,
Slovakia,71.0,1985,,,5827.0,,14.326
Slovakia,71.0,1990,,,12695.0,,14.326
Slovenia,72.5,1990,,,18131.0,,23.232
Solomon Islands,56.0,1985,,,160.0,,
Solomon Islands,56.0,1990,,,208.0,,
Somalia,44.5,1985,,,876.0,,
Somalia,44.5,1990,,,917.0,,
South Africa,61.0,1985,,,59102.0,74.81%,
South Africa,61.0,1990,,,115533.0,74.81%,
Spain,76.5,1985,,,181172.0,89.94%,31.796
Spain,76.5,1990,,,533917.0,89.94%,31.796
Sri Lanka,69.5,1985,,,7064.0,82.02%,
Sri Lanka,69.5,1990,,,9468.0,82.02%,
St Vincent and the Grenadines,68.5,1985,,,146.0,95.50%,
St Vincent and the Grenadines,68.5,1990,,,240.0,95.50%,
Sudan,51.5,1985,,,5547.0,,
Sudan,51.5,1990,,,2245.0,,
Suriname,68.5,1985,,,1309.0,,
Suriname,68.5,1990,,,539.0,,
Swaziland,58.0,1985,,,497.0,53.67%,
Swaziland,58.0,1990,,,1237.0,65.22%,
Sweden,77.0,1985,,,111544.0,,49.982
Sweden,77.0,1990,,,255940.0,,49.982
Switzerland,77.5,1985,,,107779.0,,93.803
Switzerland,77.5,1990,,,258017.0,,93.803
Tajikistan,63.5,1990,,,2629.0,96.64%,
Tanzania,51.5,1985,,,8558.0,,
Tanzania,51.5,1990,,,3430.0,48.09%,
Thailand,66.5,1985,,,40185.0,83.89%,
Thailand,66.5,1990,,,88467.0,83.89%,
Togo,57.0,1985,,,950.0,,
Togo,57.0,1990,,,2055.0,,
Tonga,69.5,1985,,,79.0,99.53%,
Tonga,69.5,1990,,,150.0,99.53%,
Trinidad and Tobago,69.5,1985,,,7503.0,93.46%,
Trinidad and Tobago,69.5,1990,,,5155.0,95.66%,
Tunisia,67.0,1985,,,9245.0,35.77%,
Tunisia,67.0,1990,,,13474.0,35.77%,
Turkey,63.0,1985,,,92760.0,64.23%,11.753
Turkey,63.0,1990,,,207375.0,68.52%,11.753
Turkmenistan,62.5,1990,,,3190.0,,
Uganda,51.5,1985,,,5219.0,,
Uganda,51.5,1990,,,5743.0,,
Ukraine,70.0,1990,,,81457.0,,
United Arab Emirates,72.0,1985,,,37310.0,68.66%,
United Arab Emirates,72.0,1990,,,49090.0,68.66%,
United Kingdom,75.0,1985,,,536810.0,,55.054
United Kingdom,75.0,1990,,,1191020.0,,55.054
United States of America,75.0,1985,,,4339000.0,,54.951
United States of America,75.0,1990,,,5963100.0,,54.951
Uruguay,72.5,1985,,,5212.0,95.88%,
Uruguay,72.5,1990,,,10270.0,95.88%,
Uzbekistan,67.0,1990,,,13361.0,,
Vanuatu,62.5,1985,,,132.0,53.70%,
Vanuatu,62.5,1990,,,169.0,53.70%,
Venezuela,71.0,1985,,,59865.0,83.00%,
Venezuela,71.0,1990,,,48391.0,89.00%,
Venezuela,,1990,4.0,6.7,48391.0,89.00%,
Vietnam,63.0,1985,,,14999.0,78.14%,
Vietnam,63.0,1990,,,6472.0,82.83%,
Yemen,52.5,1990,,,12644.0,,
Zambia,51.0,1985,,,2848.0,,
Zambia,51.0,1990,,,4085.0,57.36%,
Zimbabwe,62.0,1985,,,5637.0,71.85%,
Zimbabwe,62.0,1990,,,10144.0,71.85%,
Afghanistan,42.0,1995,,,3236.0,4.99%,
Albania,72.0,1995,,,2882.0,,
Algeria,68.0,1995,13.166666666700001,11.3,42066.0,35.84%,
Angola,40.5,1995,,,6197.0,,
Argentina,72.5,1995,,,280080.0,96.04%,
Armenia,68.5,1995,,,1287.0,98.15%,
Australia,78.0,1995,,,378121.0,,
Austria,76.0,1995,,,241235.0,,
Azerbaijan,65.5,1995,,,2417.0,,
Bahamas,69.5,1995,,,5653.0,,
Bahrain,73.0,1995,,7.6,6787.0,76.93%,
Bangladesh,56.0,1995,0.2333333333,58.0,45921.0,25.84%,
Barbados,74.5,1995,,,2229.0,99.60%,
Belarus,69.5,1995,,,10179.0,96.63%,
Belgium,76.5,1995,,,289844.0,,
Belize,73.0,1995,,,620.0,70.33%,
Benin,54.0,1995,,,2190.0,16.57%,
Bhutan,54.5,1995,,,296.0,,
Bolivia,60.0,1995,,,6702.0,72.31%,
Bosnia and Herzegovina,72.5,1995,,,1867.0,81.96%,
Botswana,62.5,1995,,,4732.0,71.30%,
Brazil,67.5,1995,,,786536.0,72.85%,
Brunei,74.5,1995,,,5255.0,82.46%,
Bulgaria,71.5,1995,,,12564.0,,
Burkina Faso,50.5,1995,,,2380.0,8.23%,
Burundi,45.0,1995,,,1000.0,27.53%,
Cambodia,55.5,1995,,,3441.0,,
Cameroon,54.5,1995,,,9326.0,29.12%,
Canada,78.0,1995,,,605923.0,,
Cape Verde,66.5,1995,,,536.0,53.00%,
Central African Republic,49.5,1995,3.5,22.55,1117.0,20.34%,
Chad,51.5,1995,,,1636.0,4.59%,
Chile,74.0,1995,10.9,0.8,73599.0,94.04%,
China,68.5,1995,13.566666666700002,10.633333333300001,736870.0,68.07%,
Colombia,69.0,1995,4.5,6.2666666667,110186.0,91.15%,
Comoros,58.0,1995,,,232.0,40.32%,
Democratic Republic of the Congo,56.5,1995,,,25021.0,,
Democratic Republic of the Congo,56.5,1995,,,2116.0,,
Democratic Republic of the Congo,,1995,,30.7,25021.0,,
Democratic Republic of the Congo,,1995,,30.7,2116.0,,
Costa Rica,76.5,1995,,,11545.0,92.58%,
Croatia,72.5,1995,7.8,0.5,22388.0,94.82%,
Cuba,75.0,1995,,,30430.0,,
Cyprus,77.0,1995,,,9937.0,91.00%,
Czech Republic,72.5,1995,,,59768.0,,
Denmark,75.5,1995,,,185008.0,,
Djibouti,51.5,1995,,,498.0,,
Dominican Republic,69.0,1995,,,275.0,72.54%,
Dominican Republic,69.0,1995,,,16637.0,72.54%,
Ecuador,70.5,1995,,,22968.0,86.19%,
Egypt,63.5,1995,,,63260.0,31.39%,
El Salvador,67.0,1995,,,8922.0,71.28%,
Equatorial Guinea,47.5,1995,,,169.0,,
Eritrea,50.0,1995,,,624.0,,
Estonia,68.5,1995,,,3797.0,99.60%,
Ethiopia,48.5,1995,,,8431.0,18.51%,
Federated States of Micronesia,66.5,1995,,,221.0,,
Fiji,67.0,1995,,,1970.0,,
Finland,76.0,1995,,,134349.0,,
France,77.0,1995,,,1602130.0,,
Gabon,61.5,1995,,,5281.0,65.33%,
Gambia,53.0,1995,,,948.0,,
Georgia,70.5,1995,,,1907.0,,
Germany,76.0,1995,,,2593840.0,,
Ghana,57.5,1995,,,14544.0,,
Greece,77.5,1995,,,136942.0,89.35%,
Grenada,66.5,1995,,,342.0,98.60%,
Guatemala,64.0,1995,6.2,21.7,13314.0,57.29%,
Guinea,48.5,1995,,21.2,5139.0,,
Guinea-Bissau,43.5,1995,,,460.0,8.59%,
Guyana,62.5,1995,,,993.0,,
Haiti,55.5,1995,4.3,24.0,2813.0,32.52%,
Honduras,66.5,1995,,,5415.0,,
Hong Kong SAR,78.5,1995,,,144652.0,,
Hungary,69.5,1995,,,46419.0,98.45%,
Iceland,78.5,1995,,,7131.0,,
India,60.5,1995,,,366600.0,33.73%,
Indonesia,63.0,1995,6.5,28.1,244227.0,75.27%,
Iran,66.0,1995,,,115703.0,56.16%,
Iran,,1995,5.5,13.8,115703.0,56.16%,
Iraq,59.5,1995,,,3477.0,,
Ireland,75.5,1995,,,69238.0,,
Israel,77.0,1995,,,100239.0,88.67%,
Italy,77.0,1995,,,1171400.0,95.54%,
Jamaica,72.0,1995,5.1666666667,3.9666666667,6543.0,,
Japan,79.0,1995,,,5449120.0,,
Jordan,68.0,1995,,,6650.0,52.11%,
Kazakhstan,65.5,1995,5.9333333333,6.833333333300001,16594.0,96.14%,
Kenya,59.0,1995,,,11944.0,,
Democratic People's Republic of Korea,70.0,1995,,,4849.0,,
Kuwait,75.5,1995,23.3,9.2,27189.0,74.15%,
Kyrgyzstan,66.0,1995,,,1493.0,,
Laos,56.0,1995,,,3579.0,47.90%,
Latvia,68.0,1995,,,5410.0,99.19%,
Lebanon,69.5,1995,,,10963.0,,
Lesotho,60.0,1995,,,1038.0,,
Liberia,41.0,1995,,,130.0,19.30%,
Libya,69.5,1995,13.4,4.225,32690.0,63.70%,
Lithuania,69.5,1995,,,6698.0,97.78%,
Luxembourg,75.5,1995,,,20655.0,,
Macedonia,71.5,1995,,,4687.0,90.93%,
Madagascar,52.5,1995,,30.4,3160.0,,
Malawi,49.5,1995,,26.5,2423.0,33.52%,
Malaysia,71.0,1995,,17.7,95395.0,77.28%,
Maldives,61.0,1995,2.2,39.0,466.0,96.44%,
Mali,48.5,1995,,,3337.0,5.74%,
Malta,76.0,1995,,,3367.0,89.24%,
Mauritania,58.5,1995,,,1415.0,,
Mauritius,70.0,1995,6.5,13.0,4380.0,74.66%,
Mexico,72.0,1995,,,360096.0,84.96%,
Mongolia,61.0,1995,,,1697.0,,
Montenegro,76.0,1995,,,1215.0,97.78%,
Morocco,66.0,1995,,,39029.0,28.73%,
Mozambique,44.5,1995,,23.9,2524.0,12.10%,
Myanmar,59.5,1995,,38.7,7764.0,71.63%,
Namibia,62.0,1995,,,3503.0,73.99%,
Nepal,56.0,1995,1.2,44.1,4716.0,17.38%,
Netherlands,77.0,1995,,,452710.0,,
New Zealand,76.0,1995,,,62214.0,,
Nicaragua,66.5,1995,,,4140.0,,
Niger,47.5,1995,,,1756.0,,
Nigeria,47.5,1995,,,132230.0,43.73%,
Norway,77.0,1995,,,152028.0,,
Oman,71.5,1995,1.1,9.9666666667,13803.0,,
Pakistan,61.0,1995,,34.2,79451.0,14.77%,
State of Palestine,69.5,1995,,,3283.0,,
Panama,73.0,1995,,,8380.0,88.21%,
Papua New Guinea,56.0,1995,,,7273.0,,
Paraguay,68.5,1995,,,9062.0,88.56%,
Peru,66.5,1995,,,52140.0,81.66%,
Philippines,67.0,1995,,,82121.0,94.54%,
Poland,71.5,1995,,,139089.0,98.25%,
Portugal,74.5,1995,,,118194.0,84.66%,
Qatar,70.5,1995,10.4,4.8,8138.0,72.46%,
Moldova,67.5,1995,,,1730.0,94.44%,
Romania,69.5,1995,,,36067.0,94.98%,
Russian Federation,67.0,1995,,,335664.0,96.76%,
Rwanda,23.5,1995,,,1239.0,26.57%,
Saint Lucia,71.5,1995,,,682.0,,
Samoa,66.5,1995,,,236.0,97.42%,
Sao Tome and Principe,62.5,1995,,,104.0,61.92%,
Saudi Arabia,69.0,1995,,,143152.0,57.28%,
Senegal,58.5,1995,,,6177.0,17.86%,
Serbia,71.5,1995,,,16750.0,,
Sierra Leone,38.5,1995,,,1273.0,,
Singapore,76.0,1995,,,87892.0,83.03%,
Slovakia,72.0,1995,,,19951.0,,
Slovenia,73.5,1995,,,21304.0,99.45%,
Solomon Islands,58.5,1995,,,429.0,,
Somalia,39.5,1995,,,1122.0,,
South Africa,62.0,1995,10.3,8.0,155461.0,74.81%,
Spain,77.5,1995,,,612429.0,95.05%,
Sri Lanka,71.0,1995,,29.3,14635.0,82.02%,
St Vincent and the Grenadines,69.5,1995,,,316.0,95.50%,
Sudan,53.5,1995,,,6694.0,,
Suriname,68.5,1995,,,927.0,,
Swaziland,58.5,1995,,,1932.0,65.22%,
Sweden,78.0,1995,,,264346.0,,
Switzerland,78.0,1995,,,342764.0,,
Tajikistan,63.5,1995,,,569.0,96.64%,
Tanzania,50.5,1995,,,4251.0,48.09%,
Thailand,67.5,1995,4.7,15.4,169279.0,83.89%,
Togo,58.0,1995,,,1661.0,,
Tonga,70.0,1995,,,213.0,99.53%,
Trinidad and Tobago,70.5,1995,,,5421.0,95.66%,
Tunisia,70.0,1995,25.366666666700002,8.133333333300001,19654.0,35.77%,
Turkey,66.5,1995,,9.0,233340.0,68.52%,
Turkmenistan,63.5,1995,,,5874.0,98.26%,
Uganda,49.0,1995,5.1,21.5666666667,5760.0,44.83%,
Ukraine,69.0,1995,,,38275.0,,
United Arab Emirates,74.0,1995,,,63637.0,68.66%,
United Kingdom,76.5,1995,,,1336130.0,,
United States of America,75.5,1995,,,7639700.0,,
Uruguay,73.0,1995,,,21312.0,95.88%,
Uzbekistan,66.0,1995,,,10168.0,,
Vanuatu,64.5,1995,,,249.0,65.60%,
Venezuela,71.5,1995,,,77427.0,89.00%,
Venezuela,,1995,4.7,4.1,77427.0,89.00%,
Vietnam,68.0,1995,,,20798.0,82.83%,
Yemen,55.5,1995,,,12796.0,17.06%,
Zambia,46.5,1995,,,3799.0,57.36%,
Zimbabwe,60.5,1995,,,8263.0,78.52%,
Afghanistan,42.0,2000,,,3532.0,4.99%,
Albania,73.0,2000,30.0,16.9333333333,3483.0,,
Algeria,69.0,2000,14.7333333333,5.4333333333,54749.0,35.84%,
Angola,41.0,2000,,,11166.0,,
Argentina,73.5,2000,,,308491.0,96.04%,
Armenia,70.5,2000,,,1912.0,98.15%,
Australia,79.0,2000,,,399126.0,,24.02
Austria,77.5,2000,,,197338.0,,27.46
Azerbaijan,66.5,2000,6.2,14.066666666700002,5273.0,98.17%,
Bahamas,68.5,2000,,,8076.0,,
Bahrain,74.5,2000,,,9063.0,76.93%,
Bangladesh,59.5,2000,0.8333333333,45.2333333333,54586.0,25.84%,
Barbados,74.5,2000,,,3059.0,99.60%,
Belarus,68.0,2000,,,12758.0,99.42%,
Belgium,77.5,2000,,,238555.0,,29.226
Belize,74.5,2000,,,832.0,70.33%,
Benin,54.5,2000,,,2576.0,16.57%,
Bhutan,59.0,2000,,,436.0,,
Bolivia,62.0,2000,,,8385.0,72.31%,
Bosnia and Herzegovina,73.5,2000,16.3,4.2,5554.0,94.36%,
Botswana,52.5,2000,10.4,10.6666666667,5803.0,71.30%,
Brazil,69.5,2000,,,655435.0,86.50%,
Brunei,75.5,2000,,,6662.0,82.46%,
Bulgaria,71.5,2000,,,13153.0,,1.253
Burkina Faso,50.0,2000,,,2633.0,8.06%,
Burundi,45.5,2000,1.4333333333000002,38.8666666667,870.0,52.24%,
Cambodia,56.0,2000,4.0,39.5333333333,3667.0,56.99%,
Cameroon,52.0,2000,,,9802.0,58.72%,
Canada,78.5,2000,,,744766.0,,24.285
Cape Verde,68.5,2000,,,589.0,53.00%,
Central African Republic,46.5,2000,10.7666666667,21.8,885.0,35.29%,
Chad,51.5,2000,2.7,29.366666666700002,1572.0,12.80%,
Chile,76.0,2000,,,77815.0,94.04%,6.842
China,70.5,2000,3.3666666667,7.4,1214920.0,86.53%,
Colombia,70.5,2000,5.3,4.9333333333,98931.0,91.31%,
Comoros,61.0,2000,21.4666666667,24.9666666667,202.0,63.46%,
Democratic Republic of the Congo,53.0,2000,,,19077.0,,
Democratic Republic of the Congo,53.0,2000,,,3220.0,,
Costa Rica,77.5,2000,,,14965.0,95.08%,
Croatia,74.0,2000,,,21774.0,94.82%,
Cuba,76.0,2000,,3.4,30565.0,,
Cyprus,77.5,2000,,,9988.0,91.00%,
Czech Republic,74.5,2000,,,61645.0,,4.175
Denmark,76.5,2000,,,164158.0,,34.905
Djibouti,53.5,2000,,,556.0,,
Dominican Republic,70.0,2000,6.8666666667,3.4666666667,333.0,72.54%,
Dominican Republic,70.0,2000,6.8666666667,3.4666666667,24306.0,72.54%,
Ecuador,72.5,2000,,,18319.0,86.19%,
Egypt,67.0,2000,18.1666666667,4.2333333333,104752.0,43.60%,
El Salvador,70.0,2000,,,11785.0,71.28%,
Equatorial Guinea,48.5,2000,13.9666666667,15.7,1156.0,81.62%,
Eritrea,53.5,2000,,,706.0,,
Estonia,69.5,2000,,,5706.0,99.76%,3.63
Ethiopia,49.5,2000,1.9666666667,42.0,8235.0,18.51%,
Federated States of Micronesia,67.5,2000,,,233.0,,
Fiji,67.0,2000,,,1678.0,,
Finland,77.0,2000,,,125883.0,,24.348
France,78.5,2000,,,1365970.0,,24.671
Gabon,60.5,2000,,,5397.0,65.33%,
Gambia,56.0,2000,,,1052.0,25.06%,
Gambia,,2000,3.0,15.4,1052.0,25.06%,
Georgia,70.5,2000,,,3057.0,,
Germany,77.0,2000,,,1955280.0,,31.772
Ghana,58.5,2000,,,11467.0,49.79%,
Greece,77.5,2000,,,132198.0,89.35%,14.278
Grenada,67.0,2000,,,520.0,98.60%,
Guatemala,66.5,2000,8.5,19.6,17187.0,57.29%,
Guinea,51.5,2000,,29.1,4039.0,9.74%,
Guinea-Bissau,45.0,2000,5.0666666667,21.9,364.0,27.49%,
Guyana,62.5,2000,5.5,11.8,1123.0,,
Haiti,56.5,2000,3.0666666667,13.933333333299998,3954.0,32.52%,
Honduras,68.0,2000,,,7104.0,,
Hong Kong SAR,80.0,2000,,,171643.0,,
Hungary,70.5,2000,,,47311.0,98.45%,3.858
Iceland,79.0,2000,,,9004.0,,34.397
India,62.0,2000,,,476636.0,33.73%,
Indonesia,66.0,2000,1.5,23.1833333333,179482.0,75.27%,
Iran,68.0,2000,,,365946.0,66.07%,
Iraq,58.5,2000,5.533333333300001,12.9,25857.0,64.17%,
Ireland,76.5,2000,,,100120.0,,26.714
Israel,78.0,2000,,,132243.0,88.67%,23.467
Italy,78.5,2000,,,1144880.0,95.54%,19.904
Jamaica,72.0,2000,7.2,3.7666666667,9065.0,85.87%,
Japan,80.5,2000,,,4887520.0,,46.306
Jordan,70.0,2000,,,8461.0,52.11%,
Kazakhstan,63.0,2000,,,18292.0,99.29%,
Kenya,54.0,2000,8.133333333300001,17.4333333333,14136.0,77.89%,
Democratic People's Republic of Korea,67.5,2000,,,10608.0,,
Democratic People's Republic of Korea,,2000,,24.7,10608.0,,
Kuwait,76.5,2000,,,37721.0,74.15%,
Kyrgyzstan,65.0,2000,,,1368.0,98.13%,
Laos,59.5,2000,,,1720.0,58.46%,
Laos,,2000,2.6666666667,36.4333333333,1720.0,58.46%,
Latvia,70.0,2000,,,7941.0,99.71%,2.998
Lebanon,70.0,2000,,,17007.0,,
Lesotho,55.5,2000,21.0,15.0,911.0,92.05%,
Liberia,42.5,2000,4.6,22.7,874.0,19.30%,
Libya,72.0,2000,,,38271.0,63.70%,
Lithuania,71.0,2000,,,11539.0,97.78%,2.943
Luxembourg,77.0,2000,,,21322.0,,33.134
Macedonia,72.5,2000,,,3774.0,90.93%,
Madagascar,55.0,2000,,,3878.0,65.28%,
Malawi,47.5,2000,8.8333333333,21.5333333333,3023.0,54.00%,
Malaysia,72.5,2000,,,100719.0,85.35%,
Maldives,63.5,2000,,,801.0,96.44%,
Mali,50.0,2000,,,2962.0,11.89%,
Malta,77.5,2000,,,4059.0,89.24%,
Mauritania,60.5,2000,,,1294.0,43.42%,
Mauritius,71.0,2000,,,4869.0,80.50%,
Mexico,73.5,2000,,,707909.0,88.68%,5.139
Mongolia,63.5,2000,12.7,11.6,1329.0,97.53%,
Montenegro,75.5,2000,,,966.0,97.78%,
Morocco,68.0,2000,,,38859.0,28.73%,
Mozambique,46.5,2000,,,4667.0,24.96%,
Myanmar,60.5,2000,2.4,30.1,10259.0,86.42%,
Namibia,59.0,2000,3.3,20.3,3911.0,73.99%,
Nepal,59.5,2000,,,5731.0,17.38%,
Netherlands,78.0,2000,,,417581.0,,29.464
New Zealand,77.5,2000,,,54139.0,,15.899
Nicaragua,68.5,2000,,,5109.0,,
Niger,51.0,2000,1.6333333333000002,43.5666666667,1671.0,,
Nigeria,47.5,2000,,,67824.0,43.73%,
Norway,78.0,2000,,,171315.0,,33.969
Oman,72.5,2000,,,19507.0,,
Pakistan,61.5,2000,,,79705.0,29.04%,
State of Palestine,71.0,2000,,,4314.0,79.73%,
Panama,73.5,2000,,,12304.0,91.25%,
Papua New Guinea,56.5,2000,,,5258.0,50.92%,
Paraguay,69.5,2000,,,8856.0,88.56%,
Peru,68.5,2000,11.8,5.1666666667,51005.0,81.66%,
Philippines,69.0,2000,,,81023.0,92.65%,
Poland,73.0,2000,,,171276.0,98.25%,5.314
Portugal,75.5,2000,,,118682.0,84.66%,10.087
Qatar,72.5,2000,,,17760.0,80.89%,
Moldova,66.5,2000,,,1578.0,95.49%,
Romania,70.0,2000,8.9333333333,3.6666666667,37466.0,94.98%,1.614
Russian Federation,66.0,2000,,,278075.0,96.76%,
Rwanda,36.5,2000,7.2333333333,21.275,1718.0,59.75%,
Saint Lucia,71.5,2000,,,834.0,,
Samoa,68.5,2000,,,264.0,97.42%,
Sao Tome and Principe,63.5,2000,9.233333333300001,10.133333333300001,58.0,61.92%,
Saudi Arabia,71.0,2000,,,189515.0,69.29%,
Senegal,60.5,2000,3.1666666667000003,20.3333333333,5965.0,17.86%,
Serbia,72.5,2000,,,9312.0,,
Sierra Leone,40.0,2000,4.7333333333,24.6666666667,941.0,,
Singapore,77.0,2000,2.5666666667,3.2666666667000004,95836.0,88.65%,
Slovakia,73.0,2000,,,20691.0,,4.663
Slovenia,75.0,2000,,,20446.0,99.45%,8.215
Solomon Islands,60.5,2000,,,381.0,69.00%,
Somalia,44.0,2000,,22.8,2052.0,,
South Africa,60.5,2000,,,136453.0,80.93%,
Spain,78.5,2000,,,597030.0,95.05%,15.996
Sri Lanka,70.5,2000,1.0,22.866666666700002,19371.0,82.02%,
St Vincent and the Grenadines,70.5,2000,,,396.0,95.50%,
Sudan,55.5,2000,,,13134.0,52.15%,
Suriname,69.0,2000,2.8666666667,11.3666666667,1266.0,,
Swaziland,54.5,2000,14.8666666667,9.1,1739.0,80.33%,
Sweden,79.5,2000,,,260157.0,,28.826
Switzerland,79.0,2000,,,272188.0,,43.225
Tajikistan,64.5,2000,,,991.0,99.22%,
Tanzania,48.5,2000,,,12423.0,48.09%,
Thailand,68.0,2000,,,126392.0,90.52%,
Togo,58.5,2000,,,1493.0,38.45%,
Tonga,71.0,2000,,,195.0,98.98%,
Trinidad and Tobago,69.5,2000,4.9666666667,4.3666666667000005,8295.0,95.66%,
Tunisia,72.0,2000,,3.5,21474.0,35.77%,
Turkey,69.0,2000,,,273085.0,68.52%,8.91
Turkmenistan,63.0,2000,,10.5,5022.0,98.26%,
Uganda,45.0,2000,,,5978.0,44.83%,
Ukraine,67.5,2000,26.4333333333,4.1333333333,32331.0,,
United Arab Emirates,77.0,2000,,,103893.0,68.66%,
United Kingdom,77.5,2000,,,1651390.0,,37.748
United States of America,76.5,2000,,,10252300.0,,33.129
Uruguay,74.0,2000,,,22832.0,97.27%,
Uzbekistan,66.5,2000,,,13717.0,98.14%,
Vanuatu,66.5,2000,,,272.0,65.60%,
Venezuela,72.0,2000,,,117676.0,89.00%,
Venezuela,,2000,5.3,3.9,117676.0,89.00%,
Vietnam,70.5,2000,,,31176.0,86.61%,
Vietnam,,2000,2.7428571429,28.4571428571,31176.0,86.61%,
Yemen,58.0,2000,,,9679.0,17.06%,
Zambia,40.5,2000,,,3601.0,59.80%,
Zimbabwe,47.0,2000,,,11340.0,78.52%,
Afghanistan,46.6,2005,,,6167.0,4.99%,
Afghanistan,46.9,2006,,,6925.0,4.99%,
Afghanistan,47.2,2007,,,8556.0,4.99%,
Afghanistan,47.5,2008,,,10297.0,4.99%,
Afghanistan,47.9,2009,,,12066.0,4.99%,
Albania,76.1,2005,25.1666666667,6.5666666667,8052.0,98.25%,
Albania,76.3,2006,,,8905.0,98.25%,
Albania,76.5,2007,,,10675.0,98.25%,
Albania,76.6,2008,,,12901.0,94.68%,
Albania,76.8,2009,23.366666666700002,6.3,12093.0,94.68%,
Algeria,71.6,2005,12.9,3.7,103198.0,60.08%,
Algeria,71.9,2006,,,117027.0,63.92%,
Algeria,72.2,2007,,,134977.0,63.92%,
Algeria,72.4,2008,,,171001.0,67.55%,
Algeria,72.6,2009,,,137054.0,67.55%,
Albania,,2011,,,12896.0,95.69%,
Albania,,2001,,,3928.0,98.25%,
Algeria,,2002,14.666666666700001,11.1333333333,56761.0,60.08%,
Angola,,2011,,,111790.0,54.19%,
Angola,,2010,,,83799.0,54.19%,
Angola,,2001,,,10930.0,54.19%,
Antigua and Barbuda,,2011,,,1142.0,99.42%,
Antigua and Barbuda,,2010,,,1152.0,99.42%,
Antigua and Barbuda,,2001,,,801.0,99.42%,
Argentina,,2011,,,527644.0,99.00%,
Argentina,,2010,,,424728.0,98.93%,
Argentina,,2001,,,291738.0,97.19%,
Argentina,,1991,,,205515.0,96.04%,
Armenia,,2011,,,10142.0,99.69%,
Armenia,,2010,16.7333333333,5.3,9260.0,99.16%,
Armenia,,2001,15.566666666700002,2.5333333333000003,2118.0,99.16%,
Azerbaijan,,2009,,,44289.0,99.68%,
Azerbaijan,,2007,,,33090.0,99.40%,
Azerbaijan,,1999,,,4581.0,98.17%,
Bahrain,,2010,,,25713.0,91.61%,
Bahrain,,2001,,,9189.0,83.56%,
Bahrain,,1991,,,5209.0,76.93%,
Bangladesh,,2011,1.9,36.8,131079.0,46.74%,
Bangladesh,,2010,,,122039.0,43.74%,
Bangladesh,,2001,0.8,45.3333333333,54755.0,40.82%,
Bangladesh,,1991,0.2666666667,64.3,36468.0,25.84%,
Belarus,,2009,,,50855.0,99.49%,
Belarus,,1999,,,11678.0,99.42%,
Belize,,1991,,,445.0,70.33%,
Benin,,2010,,,6983.0,18.44%,
Benin,,2006,11.433333333299998,20.1666666667,5147.0,18.44%,
Benin,,2002,,,3064.0,23.30%,
Benin,,1992,,,2403.0,16.57%,
Bhutan,,2005,,,762.0,38.68%,
Bolivia,,2009,,,16701.0,86.82%,
Bolivia,,2008,8.6666666667,4.4666666667,16276.0,86.83%,
Bolivia,,2007,,,12696.0,85.99%,
Bolivia,,2001,,,8155.0,80.65%,
Bolivia,,1992,,10.5,5643.0,72.31%,
Bosnia and Herzegovina,,2011,,,18629.0,96.80%,
Bosnia and Herzegovina,,2010,,,17164.0,94.36%,
Botswana,,2011,,,15393.0,81.81%,
Botswana,,2010,,,12794.0,81.81%,
Botswana,,2003,,,7539.0,81.81%,
Botswana,,1991,,,3806.0,71.30%,
Brazil,,2010,,,2207620.0,90.68%,
Brazil,,2009,,,1667680.0,90.41%,
Brazil,,2008,,,1694870.0,90.22%,
Brazil,,2007,7.3,2.1666666667,1396110.0,90.23%,
Brazil,,2006,,,1106370.0,89.86%,
Brazil,,2004,,,668432.0,88.81%,
Bulgaria,,2011,,,57420.0,97.98%,6.031
Bulgaria,,2001,,,14076.0,97.71%,1.266
Burkina Faso,,2007,,,6781.0,21.58%,
Burkina Faso,,2005,,,5474.0,16.62%,
Burkina Faso,,2003,5.4333333333,35.1666666667,4212.0,15.19%,
Burkina Faso,,1996,,,2587.0,8.06%,
Burkina Faso,,1991,,,3135.0,8.23%,
Burundi,,2010,,,2032.0,43.16%,
Burundi,,2008,,,1612.0,43.16%,
Cape Verde,,2011,,,1865.0,81.46%,
Cape Verde,,2010,,,1664.0,81.46%,
Cape Verde,,2004,,,1023.0,81.46%,
Cambodia,,2009,,,10391.0,65.93%,
Cambodia,,2008,2.0,28.8,10342.0,70.86%,
Cambodia,,2004,,,5334.0,64.05%,
Cambodia,,1998,,,3130.0,56.99%,
Cameroon,,2010,,,26193.0,64.80%,
Cameroon,,2007,,,22397.0,63.02%,
Central African Republic,,2011,,,2196.0,24.36%,
Central African Republic,,2010,,,1986.0,24.36%,
Chad,,2011,,,12181.0,17.98%,
Chad,,2010,,,10702.0,17.98%,
Chad,,2004,4.4333333333,33.9333333333,5003.0,17.98%,
Chad,,1993,,,1648.0,4.59%,
Chile,,2009,,,172520.0,98.49%,10.674
Chile,,2008,9.4666666667,0.5333333333,179488.0,98.70%,10.734
Chile,,2002,12.0,0.7,69729.0,95.64%,5.895
Chile,,1992,,,46270.0,94.04%,15.063
China,,2010,6.5666666667,3.4,6066350.0,92.71%,
Colombia,,2011,,,334476.0,93.67%,
Colombia,,2010,4.8,3.4,286039.0,93.49%,
Colombia,,2009,,,232565.0,93.42%,
Colombia,,2008,,,242028.0,93.44%,
Colombia,,2007,,,205755.0,92.85%,
Colombia,,2006,,,161364.0,92.22%,
Colombia,,2005,4.2333333333,5.1,145162.0,92.91%,
Colombia,,2004,,,115986.0,92.71%,
Colombia,,1996,,,115734.0,91.31%,
Colombia,,1993,,,77456.0,91.15%,
Comoros,,2011,,,611.0,63.46%,
Comoros,,2010,,,544.0,63.46%,
Costa Rica,,2011,,,42717.0,97.50%,
Costa Rica,,2010,,,37634.0,95.08%,
Croatia,,2011,,,62399.0,98.67%,
Croatia,,2010,,,59866.0,97.08%,
Croatia,,2001,,,23290.0,97.08%,
Croatia,,1991,,,18157.0,94.82%,15.088
Cuba,,2011,,,68990.0,99.79%,
Cuba,,2010,,,64328.0,99.79%,
Cuba,,2002,,,33591.0,99.79%,
Cyprus,,2011,,,27454.0,98.12%,18.943
Cyprus,,2010,,,25608.0,95.08%,18.943
Cyprus,,2001,,,10397.0,95.08%,
Cyprus,,1992,,,7424.0,91.00%,27.225
Democratic People's Republic of Korea,,2008,,,13337.0,100.00%,
Democratic Republic of the Congo,,2010,4.9,24.2333333333,20641.0,46.10%,
Democratic Republic of the Congo,,2010,4.9,24.2333333333,12304.0,46.10%,
Democratic Republic of the Congo,,2007,6.833333333300001,28.2333333333,16364.0,46.10%,
Democratic Republic of the Congo,,2007,6.833333333300001,28.2333333333,7446.0,46.10%,
Democratic Republic of the Congo,,2001,6.466666666699999,33.6,8173.0,54.06%,
Democratic Republic of the Congo,,2001,6.466666666699999,33.6,2794.0,54.06%,
Dominican Republic,,2011,,,501.0,90.23%,
Dominican Republic,,2011,,,58088.0,90.23%,
Dominican Republic,,2010,,,494.0,89.70%,
Dominican Republic,,2010,,,53921.0,89.70%,
Dominican Republic,,2007,8.266666666699999,3.4333333333,421.0,88.28%,
Dominican Republic,,2007,8.266666666699999,3.4333333333,44067.0,88.28%,
Dominican Republic,,2002,8.6,4.2333333333,333.0,87.18%,
Dominican Republic,,2002,8.6,4.2333333333,27249.0,87.18%,
Ecuador,,2011,,,79277.0,90.22%,
Ecuador,,2010,,,69555.0,90.47%,
Ecuador,,2009,,,62520.0,90.92%,
Ecuador,,2007,,,51008.0,90.87%,
Ecuador,,2001,,,24468.0,89.70%,
Egypt,,2012,,,278769.0,65.76%,
Egypt,,2010,,,230024.0,63.52%,
Egypt,,2006,,,112902.0,57.81%,
Egypt,,2005,14.1,5.4,94127.0,30.80%,
Egypt,,1996,14.7,10.733333333300001,71114.0,43.60%,
El Salvador,,2010,,,18448.0,82.31%,
El Salvador,,2009,,,17602.0,81.82%,
El Salvador,,2008,5.666666666699999,6.6,17987.0,81.36%,
El Salvador,,2007,,,17012.0,79.66%,
El Salvador,,2006,,,16000.0,81.00%,
El Salvador,,2004,,,13725.0,71.28%,
El Salvador,,1992,,,5813.0,71.28%,
Equatorial Guinea,,2011,,,21329.0,81.62%,
Equatorial Guinea,,2010,,,16299.0,81.62%,
Eritrea,,2011,,,2608.0,54.80%,
Eritrea,,2010,,,2117.0,54.80%,
Eritrea,,2002,1.6,34.4666666667,729.0,40.22%,
Estonia,,2011,,,23191.0,99.91%,14.432
Estonia,,2010,,,19536.0,99.76%,12.875
Ethiopia,,2007,,,19701.0,28.92%,
Ethiopia,,2005,5.1,34.6333333333,12408.0,17.98%,
Ethiopia,,2004,,,10142.0,22.80%,
Ethiopia,,1994,,,8135.0,18.51%,
Gabon,,2011,,,18203.0,65.33%,
Gabon,,2010,,,14385.0,65.33%,
Gabon,,2004,,,7764.0,65.33%,
Gabon,,1993,,,5757.0,65.33%,
Gambia,,2011,,,1398.0,25.06%,
Gambia,,2010,,,1630.0,25.06%,
Georgia,,2011,,,14435.0,99.55%,
Georgia,,2010,,,11638.0,99.55%,
Georgia,,2002,,,3396.0,99.55%,
Ghana,,2010,,,43043.0,65.29%,
Greece,,2011,,,288062.0,96.50%,33.309
Greece,,2010,,,299919.0,91.85%,32.023
Greece,,2001,,,136284.0,94.24%,14.075
Greece,,1991,,,105633.0,89.35%,25.054
Guatemala,,2011,,,47655.0,63.34%,
Guatemala,,2010,,,41338.0,63.34%,
Guatemala,,2002,5.5666666667,17.7333333333,20777.0,63.34%,
Guatemala,,1994,,,11855.0,57.29%,
Guinea,,2010,,,6866.0,12.19%,
Guinea,,2003,,,4759.0,18.24%,
Guinea,,1996,,,5316.0,9.74%,
Guinea-Bissau,,2011,,,1099.0,27.49%,
Guinea-Bissau,,2010,,,851.0,27.49%,
Guyana,,2009,6.666666666699999,11.1,2023.0,87.25%,
Haiti,,2006,3.9333333333,18.9,4756.0,44.60%,
Haiti,,2003,,,2960.0,54.86%,
Honduras,,2011,,,17649.0,84.93%,
Honduras,,2010,,,15730.0,84.73%,
Honduras,,2007,,,12275.0,83.45%,
Honduras,,2001,3.0333333333,12.5,7566.0,80.22%,
Hungary,,2011,,,140782.0,98.45%,13.075
Hungary,,2010,,,130923.0,98.45%,12.088
Hungary,,2004,,,104067.0,98.45%,8.389
Hungary,,1994,,,43160.0,98.45%,11.353
India,,2006,1.9333333333,43.5,949118.0,50.82%,
India,,2001,,,493934.0,47.84%,
India,,1991,,,274842.0,33.73%,
Indonesia,,2011,,,892590.0,90.07%,
Indonesia,,2009,,,577539.0,89.68%,
Indonesia,,2008,,,558582.0,89.10%,
Indonesia,,2006,,,396293.0,88.79%,
Indonesia,,2004,5.1333333333,19.7,279556.0,86.80%,
Iran,,2008,,,406212.0,77.69%,
Iran,,2006,,,270333.0,77.24%,
Iran,,2005,,,228180.0,76.80%,
Iran,,2002,,,129778.0,70.40%,
Iran,,1996,,,157347.0,66.07%,
Iran,,1991,,,302498.0,56.16%,
Iraq,,2011,,,185750.0,64.17%,
Iraq,,2010,,,138517.0,64.17%,
Italy,,2011,,,2278380.0,98.58%,40.19
Italy,,2010,,,2129020.0,98.04%,37.442
Italy,,2001,,,1163110.0,98.04%,19.866
Jamaica,,2011,,,14413.0,85.87%,
Jamaica,,2010,4.0333333333,3.2,13193.0,85.87%,
Jamaica,,1999,5.9,2.3333333333,8887.0,85.87%,
Jordan,,2011,,,28986.0,93.93%,
Jordan,,2010,,,26425.0,89.21%,
Jordan,,2007,,,17111.0,88.90%,
Jordan,,2005,,,12589.0,87.01%,
Jordan,,2003,,,10196.0,84.71%,
Kazakhstan,,2010,,,148047.0,99.74%,
Kazakhstan,,2009,,,115309.0,99.68%,
Kazakhstan,,1999,5.4,3.8,16870.0,99.29%,
Kenya,,2010,,,40000.0,66.86%,
Kenya,,2007,,,31958.0,66.86%,
Kuwait,,2008,9.3,2.3,147402.0,91.78%,
Kuwait,,2007,8.5,2.9,114677.0,91.50%,
Kuwait,,2006,8.6666666667,2.7333333333,101559.0,90.83%,
Kuwait,,2005,7.5,2.6666666667,80807.0,91.04%,
Kyrgyzstan,,2009,4.4,4.7,4690.0,98.98%,
Kyrgyzstan,,1999,,,1242.0,98.13%,
Laos,,2005,,,3049.0,63.23%,
Laos,,2001,,,1757.0,60.90%,
Latvia,,2011,,,28496.0,99.91%,11.926
Latvia,,2010,,,23809.0,99.71%,10.888
Lebanon,,2007,,,24873.0,85.97%,
Lesotho,,2010,7.3,13.5333333333,2525.0,84.96%,
Lesotho,,2009,,,2074.0,84.96%,
Liberia,,2010,,,1998.0,27.03%,
Liberia,,2007,4.2,20.3333333333,1373.0,27.03%,
Liberia,,2004,,,897.0,19.30%,
Liberia,,1994,,,130.0,19.30%,
Libya,,2011,,,31999.0,77.80%,
Libya,,2010,,,68974.0,77.80%,
Libya,,2004,,,32996.0,77.80%,
Libya,,1994,,,28796.0,63.70%,
Lithuania,,2011,,,43564.0,99.83%,9.673
Lithuania,,2010,,,37200.0,99.65%,8.929
Lithuania,,2001,,,12253.0,99.65%,2.947
Madagascar,,2009,,,8550.0,61.64%,
Malawi,,2010,9.233333333300001,13.8666666667,6957.0,51.25%,
Malawi,,1998,,26.3,3036.0,54.00%,
Malaysia,,2010,,,255024.0,90.75%,
Malaysia,,1991,,23.1,52765.0,77.28%,
Maldives,,2006,,,1575.0,98.43%,
Mali,,2011,,,12990.0,24.64%,
Mali,,2010,,,10699.0,20.29%,
Mali,,2006,4.7333333333,27.866666666700002,6906.0,18.19%,
Mali,,2003,,,4712.0,15.90%,
Mali,,1998,,,3328.0,11.89%,
Malta,,2005,,,6402.0,93.50%,7.818
Mauritania,,2011,,,5180.0,35.35%,
Mauritania,,2010,,,4344.0,35.35%,
Mauritius,,2011,,,11518.0,86.66%,
Mauritius,,2010,,,10004.0,80.50%,
Mexico,,2011,,,1180490.0,92.34%,7.358
Mexico,,2010,,,1057800.0,91.85%,6.944
Mexico,,2009,,,900047.0,92.12%,6.31
Mexico,,2008,,,1109990.0,91.45%,7.38
Mexico,,2007,,,1052700.0,91.36%,7.093
Mexico,,2006,7.5666666667,3.4333333333,975383.0,89.83%,6.757
Mexico,,2005,,,877477.0,90.21%,6.411
Mexico,,2004,,,782243.0,89.63%,5.849
Mexico,,2002,,,772110.0,88.73%,6.047
Mongolia,,2011,,,10410.0,98.34%,
Mongolia,,2010,,,7185.0,98.34%,
Montenegro,,2011,,,4543.0,97.50%,
Montenegro,,2010,,,4147.0,96.32%,
Morocco,,2011,10.6666666667,3.1,101371.0,57.64%,
Morocco,,2009,,,92897.0,43.92%,
Morocco,,2008,,,92507.0,42.59%,
Morocco,,2004,13.333333333299999,9.866666666699999,59626.0,39.62%,
Morocco,,1994,,,35605.0,28.73%,
Mozambique,,2010,,,10457.0,36.45%,
Mozambique,,2009,,,11243.0,36.45%,
Mozambique,,2003,6.3,21.2333333333,5549.0,33.19%,
Mozambique,,1997,5.966666666699999,28.0666666667,4110.0,24.96%,
Myanmar,,2011,,,59977.0,86.42%,
Myanmar,,2010,2.6333333333,22.5666666667,49541.0,86.42%,
Namibia,,2010,,,11281.0,78.35%,
Namibia,,2007,4.6333333333,17.5,8730.0,78.35%,
Namibia,,2001,,,3550.0,83.54%,
Namibia,,1991,,,2854.0,73.99%,
Nepal,,2011,1.5333333333,29.1,19011.0,48.84%,
Nepal,,2010,,,16002.0,34.89%,
Nepal,,2001,0.6666666667,43.0,5891.0,34.89%,
Nepal,,1991,,,4261.0,17.38%,
Nicaragua,,2005,5.2,4.3,6321.0,77.92%,
Nicaragua,,2001,7.1333333333,7.7666666667,5335.0,76.60%,
Niger,,2005,,,3374.0,15.08%,
Niger,,2001,,,1815.0,9.40%,
Nigeria,,2010,,,369062.0,41.39%,
Nigeria,,2008,10.5,26.7,330260.0,41.39%,
Nigeria,,2003,6.2333333333,27.2333333333,102935.0,43.32%,
Nigeria,,1991,,,60131.0,43.73%,
Oman,,2010,,,57048.0,81.80%,
Oman,,2008,,,60905.0,80.87%,
Oman,,2003,,,21634.0,73.53%,
Pakistan,,2009,,,167875.0,40.31%,
Pakistan,,2008,,,170853.0,40.08%,
Pakistan,,2006,,,137229.0,39.61%,
Pakistan,,2005,,,118481.0,35.37%,
Pakistan,,1998,,,81490.0,29.04%,
Panama,,2010,,,29440.0,93.49%,
Papua New Guinea,,2011,,,17985.0,57.90%,
Papua New Guinea,,2010,,,14251.0,57.90%,
Paraguay,,2010,,,27239.0,92.93%,
Paraguay,,2009,,,22347.0,93.14%,
Paraguay,,2008,,,24577.0,92.49%,
Paraguay,,2007,,,17856.0,93.45%,
Paraguay,,1992,,,7158.0,88.56%,
Peru,,2007,,,102187.0,84.65%,
Peru,,2006,,,87886.0,83.45%,
Peru,,2005,9.0333333333,5.4,74970.0,82.45%,
Peru,,2004,,,66710.0,82.06%,
Peru,,1993,,,34330.0,81.66%,
Philippines,,2008,3.2666666667000004,20.7333333333,173603.0,95.83%,
Philippines,,2003,2.4333333333,20.7666666667,83908.0,93.56%,
Poland,,2011,,,528571.0,98.25%,13.025
Poland,,2010,,,479161.0,98.25%,11.987
Poland,,2004,,,255284.0,98.25%,7.419
Poland,,1994,,,103683.0,98.25%,13.079
Portugal,,2011,,,245119.0,92.86%,22.562
Portugal,,2010,,,238748.0,84.66%,21.93
Portugal,,1991,,,89913.0,84.66%,21.663
Qatar,,2010,,,125122.0,95.40%,
Qatar,,2009,,,97798.0,92.91%,
Qatar,,2008,,,115270.0,92.66%,
Qatar,,2007,,,79712.0,90.44%,
Qatar,,2004,,,31734.0,88.61%,
Qatar,,1997,,,11298.0,80.89%,
Moldova,,2011,,,8417.0,95.49%,
Moldova,,2010,,,6977.0,95.49%,
Romania,,2011,,,183443.0,98.21%,8.295
Romania,,2010,,,166225.0,96.27%,7.202
Romania,,2002,8.3333333333,3.4666666667,46174.0,96.27%,1.962
Romania,,1992,,,19906.0,94.98%,10.998
Russian Federation,,2010,,,1632840.0,99.65%,
Russian Federation,,2002,,,369939.0,99.23%,
Rwanda,,2010,,,5774.0,61.55%,
Rwanda,,1991,,,1837.0,26.57%,
Samoa,,2011,,,739.0,99.07%,
Samoa,,2010,,,639.0,97.42%,
Samoa,,2004,,,408.0,97.42%,
Samoa,,1991,,,172.0,97.42%,
Sao Tome and Principe,,2010,,,197.0,60.08%,
Sao Tome and Principe,,2008,,,188.0,60.08%,
Sao Tome and Principe,,2001,,,72.0,77.95%,
Sao Tome and Principe,,1991,,,108.0,61.92%,
Saudi Arabia,,2011,,,671239.0,76.34%,
Saudi Arabia,,2010,,,528207.0,76.34%,
Saudi Arabia,,2004,,,258742.0,76.34%,
Saudi Arabia,,1992,,,136905.0,57.28%,
Senegal,,2009,,,16290.0,38.67%,
Senegal,,2006,,,11858.0,32.99%,
Senegal,,2002,,,6773.0,29.25%,
Serbia,,2011,,,49280.0,96.75%,
Serbia,,2010,15.6333333333,1.6,41369.0,,
Serbia,,2003,,,21219.0,,
Seychelles,,2011,,,1018.0,94.45%,
Seychelles,,2010,,,970.0,94.45%,
Seychelles,,2002,,,698.0,92.26%,
Seychelles,,1994,,,486.0,88.59%,
Sierra Leone,,2011,,,2942.0,24.16%,
Sierra Leone,,2010,5.85,19.866666666700002,2578.0,24.16%,
Sierra Leone,,2004,,,1439.0,24.16%,
Singapore,,2010,,,236420.0,93.77%,
Slovenia,,2011,,,51338.0,99.60%,24.183
Slovenia,,2010,,,48103.0,99.60%,22.424
Slovenia,,2004,,,34504.0,99.60%,15.47
Slovenia,,1991,,,13215.0,99.45%,23.232
Solomon Islands,,1999,,,448.0,69.00%,
South Africa,,2011,,,416879.0,92.05%,
South Africa,,2007,,,299033.0,87.04%,
South Africa,,1996,,,147702.0,80.93%,
Spain,,2010,,,1434290.0,97.00%,32.859
Spain,,2009,,,1502900.0,96.93%,33.704
Spain,,2008,,,1642770.0,96.89%,34.199
Spain,,2007,,,1481390.0,97.26%,30.136
Spain,,2005,,,1159150.0,96.93%,25.649
Spain,,1991,,,575021.0,95.05%,31.796
Sri Lanka,,2010,,,56710.0,89.96%,
Sri Lanka,,2008,,,46602.0,89.07%,
Sri Lanka,,2006,,,32359.0,89.09%,
Sri Lanka,,2001,,,18610.0,89.14%,
Sudan,,2010,,,65716.0,46.70%,
Suriname,,2010,4.0,5.8,4368.0,94.00%,
Suriname,,2008,,,3533.0,93.77%,
Suriname,,2004,,,1868.0,87.20%,
Swaziland,,2011,,,4826.0,82.45%,
Swaziland,,2010,10.6666666667,5.833333333300001,4438.0,82.45%,
Syrian Arab Republic,,2011,,,67293.0,73.63%,
Syrian Arab Republic,,2010,,,60043.0,73.63%,
Syrian Arab Republic,,2004,,,25204.0,73.63%,
Syrian Arab Republic,,2002,,,22758.0,74.24%,
Tajikistan,,2011,,,6523.0,99.22%,
Tajikistan,,2010,,,5642.0,99.22%,
Thailand,,2005,,,189318.0,91.53%,
Macedonia,,2011,,,10659.0,94.06%,
Macedonia,,2010,,,9415.0,94.06%,
Macedonia,,2002,,,3991.0,94.06%,
Macedonia,,1994,,,3561.0,90.93%,
Timor-Leste,,2010,5.833333333300001,45.2666666667,3999.0,52.96%,
Timor-Leste,,2007,,,2881.0,42.50%,
Timor-Leste,,2001,,,518.0,30.00%,
Togo,,2011,,,3871.0,47.98%,
Togo,,2009,,,3374.0,43.61%,
Togo,,2006,4.6666666667,22.2666666667,2352.0,44.38%,
Tonga,,2006,,,294.0,99.08%,
Tonga,,1996,,,234.0,98.98%,
Trinidad and Tobago,,2011,,,25789.0,95.66%,
Trinidad and Tobago,,2010,,,22522.0,95.66%,
Trinidad and Tobago,,2004,,,13472.0,95.66%,
Tunisia,,2010,,,44054.0,71.09%,
Tunisia,,2008,,,44840.0,70.96%,
Tunisia,,2007,,,38910.0,68.51%,
Tunisia,,2004,,,31184.0,65.35%,
Tunisia,,1994,,,17052.0,35.77%,
Turkey,,2011,,,832497.0,90.31%,13.478
Turkey,,2010,,,772290.0,88.07%,14.383
Turkey,,2009,,,644470.0,85.35%,12.064
Turkey,,2007,,,675010.0,81.26%,13.224
Turkey,,2006,,,550796.0,80.39%,10.859
Turkey,,2005,,,501163.0,80.55%,11.674
Turkey,,2004,9.0666666667,3.5,404853.0,79.58%,9.771
Turkmenistan,,2011,,,29233.0,98.26%,
Turkmenistan,,2010,,,22583.0,98.26%,
Uganda,,2010,,,20212.0,64.59%,
Uganda,,2006,4.8666666667000005,16.4,10851.0,62.08%,
Uganda,,2002,,,6494.0,58.91%,
Uganda,,1991,,,3004.0,44.83%,
Ukraine,,2011,,,163161.0,99.17%,
Ukraine,,2010,,,136011.0,99.17%,
Ukraine,,2001,,,37863.0,99.17%,
United Arab Emirates,,2005,,,180617.0,91.47%,
Tanzania,,2010,5.5,16.2,31086.0,60.75%,
Tanzania,,2002,,,13216.0,62.17%,
Uruguay,,2010,,,40285.0,98.49%,
Uruguay,,2009,,,31661.0,98.53%,
Uruguay,,2008,,,30366.0,98.46%,
Uruguay,,2007,8.366666666699999,4.6666666667,23461.0,98.24%,
Uruguay,,2006,,,19620.0,98.08%,
Uruguay,,1996,,,22657.0,97.27%,
Uzbekistan,,2011,,,45941.0,98.14%,
Uzbekistan,,2010,,,39338.0,98.14%,
Vanuatu,,2011,,,759.0,76.20%,
Vanuatu,,2010,,,681.0,76.20%,
Vanuatu,,2004,,,365.0,76.20%,
Vanuatu,,1999,,,268.0,65.60%,
Vanuatu,,1994,,,234.0,65.60%,
Venezuela,,2009,6.4,2.9,237294.0,95.35%,
Venezuela,,2007,6.1,3.7,221817.0,94.93%,
Venezuela,,2001,5.4,4.0,123156.0,92.72%,
Vietnam,,2011,4.6333333333,11.9666666667,134598.0,91.38%,
Vietnam,,2010,,17.5,112771.0,91.38%,
Vietnam,,1999,1.85,31.525,28702.0,86.92%,
Yemen,,2011,,,32726.0,35.00%,
Yemen,,2010,,,30907.0,35.00%,
Yemen,,2004,,,13868.0,35.00%,
Yemen,,1994,,,28019.0,17.06%,
Zambia,,2010,,,20265.0,77.75%,
Zambia,,2007,8.4,14.933333333299998,14057.0,51.79%,
Zambia,,2002,5.9,23.3333333333,4194.0,61.84%,
Zambia,,1999,12.333333333299999,19.5,3405.0,59.80%,
Zimbabwe,,2011,5.833333333300001,10.1,14102.0,80.07%,
Zimbabwe,,2010,,,12042.0,78.52%,
Zimbabwe,,1992,,,7793.0,78.52%,
Afghanistan,,1997,6.5,44.9,3016.0,4.99%,
Afghanistan,,2004,4.5,32.8666666667,5146.0,4.99%,
Albania,,1998,9.5,7.1,2560.0,,
Algeria,,1992,8.7,9.2,49217.0,35.84%,
Angola,,1996,1.6,36.9666666667,7994.0,,
Argentina,,1994,11.1,1.7,279150.0,96.04%,
Argentina,,1996,13.5,4.7,295120.0,96.04%,
Argentina,,2005,9.866666666699999,2.3,199273.0,97.19%,
Armenia,,1998,10.8666666667,2.7,1892.0,98.15%,
Armenia,,2005,11.566666666700002,4.2666666667,4900.0,99.16%,
Australia,,1996,8.2,0.0,423550.0,,
Australia,,2007,8.0,0.2,947941.0,,47.885
Azerbaijan,,1996,6.1,8.8,3177.0,,
Azerbaijan,,2001,4.4,5.9,5475.0,98.17%,
Azerbaijan,,2006,13.833333333299999,8.366666666699999,21027.0,98.17%,
Bahrain,,1989,7.5,6.3,4675.0,58.59%,
Bangladesh,,1983,0.2,63.8,21165.0,17.97%,
Bangladesh,,1986,0.2,66.8,25954.0,17.97%,
Bangladesh,,1992,0.275,63.8,36476.0,25.84%,
Bangladesh,,1993,0.3666666667,58.9666666667,38234.0,25.84%,
Bangladesh,,1994,0.2,61.0,41538.0,25.84%,
Bangladesh,,1996,0.4,55.725,48168.0,25.84%,
Bangladesh,,1997,1.7,52.4666666667,50340.0,25.84%,
Bangladesh,,1998,0.2333333333,53.2666666667,51928.0,25.84%,
Bangladesh,,1999,0.4666666667,51.9333333333,53984.0,25.84%,
Bangladesh,,2002,0.9,43.1,57500.0,40.82%,
Bangladesh,,2003,0.9,40.9333333333,63204.0,40.82%,
Bangladesh,,2004,0.8666666667,41.5166666667,68593.0,40.82%,
Bangladesh,,2005,0.8666666667,39.2,70921.0,40.82%,
Bangladesh,,2006,0.6666666667,39.8333333333,75770.0,40.82%,
Bangladesh,,2007,1.1,41.3,85604.0,43.74%,
Barbados,,1981,5.7,5.3333333333,1120.0,99.25%,
Belarus,,2005,9.7,1.2666666667,30211.0,99.42%,
Belize,,2006,13.8,4.8666666667000005,1217.0,70.33%,
Belize,,2011,7.8666666667,6.166666666699999,1487.0,70.33%,
Benin,,1996,2.4666666667,26.8333333333,2379.0,16.57%,
Benin,,2001,3.0,21.5333333333,2682.0,16.57%,
Bhutan,,1988,3.5,34.0,262.0,,
Bhutan,,1999,3.9333333333,14.1,401.0,,
Bhutan,,2008,4.4,10.4,1291.0,38.68%,
Bhutan,,2010,7.5666666667,12.833333333299999,1433.0,38.68%,
Bolivia,,1989,7.8,9.175,4716.0,51.37%,
Bolivia,,1994,7.1,12.5333333333,5970.0,72.31%,
Bolivia,,1998,10.633333333300001,5.9,8490.0,72.31%,
Bolivia,,2004,9.2,5.9,8785.0,80.65%,
Bosnia and Herzegovina,,2006,25.633333333299998,1.6,12460.0,94.36%,
Bosnia and Herzegovina,,2012,17.366666666700002,1.5333333333,17207.0,96.80%,
Botswana,,2008,11.2,11.166666666700001,11028.0,81.81%,
Brazil,,1996,6.6,4.5,850415.0,72.85%,
Bulgaria,,2004,13.666666666700001,1.6,25958.0,97.71%,2.027
Burkina Faso,,1993,2.8,29.6,3200.0,8.23%,
Burkina Faso,,1999,1.9,33.7,3013.0,8.06%,
Burkina Faso,,2006,6.9,37.6333333333,5806.0,16.29%,
Burkina Faso,,2010,2.8,26.2,8963.0,21.58%,
Burundi,,1987,1.3,30.2,1161.0,11.98%,
Burundi,,2011,2.8666666667,29.0666666667,2236.0,43.16%,
Cambodia,,1996,6.466666666699999,42.6,3507.0,,
Cambodia,,2006,1.7,28.4333333333,7268.0,64.05%,
Cambodia,,2011,1.9,28.9666666667,12818.0,65.93%,
Cameroon,,1991,4.6666666667,17.9666666667,15112.0,29.12%,
Cameroon,,1998,8.233333333300001,17.866666666700002,10495.0,29.12%,
Cameroon,,2004,8.7,15.1333333333,17440.0,58.72%,
Cameroon,,2006,9.633333333300001,16.6,19373.0,58.72%,
Cameroon,,2011,6.5,15.1333333333,29364.0,64.80%,
Canada,,1972,7.466666666699999,1.7666666667,113083.0,,39.792
Central African Republic,,2006,8.5,28.0,1461.0,35.29%,
Chad,,1997,2.7333333333,34.3333333333,1748.0,4.59%,
Chile,,1986,15.4,2.2,18531.0,90.80%,15.063
Chile,,1994,10.1,0.8,57114.0,94.04%,15.063
Chile,,1996,10.7,0.7,78024.0,94.04%,
Chile,,1998,11.2,0.7,81562.0,94.04%,
Chile,,1999,11.9,0.7,75094.0,94.04%,
Chile,,2001,12.9,0.7,70971.0,94.04%,6.119
Chile,,2003,12.1,0.6,75643.0,95.64%,6.096
Chile,,2004,12.1,0.6,99224.0,95.64%,7.114
Chile,,2006,11.7,0.6,154864.0,95.64%,9.029
Chile,,2007,9.8,0.6,173569.0,95.64%,9.837
China,,1992,7.166666666699999,14.2,495671.0,68.07%,
China,,1998,5.466666666699999,6.9,1032570.0,68.07%,
China,,2002,9.1,6.833333333300001,1477500.0,86.53%,
China,,2005,5.8666666667,4.4666666667,2308800.0,86.53%,
China,,2008,5.4,5.1,4604290.0,86.53%,
China,,2009,5.2666666667,4.6,5121680.0,86.53%,
Colombia,,1986,4.9,8.5666666667,48481.0,,
Comoros,,1996,5.9,22.2,231.0,40.32%,
Democratic Republic of the Congo,,1987,1.4,21.1,33932.0,,
Democratic Republic of the Congo,,1987,1.4,21.1,2121.0,,
Democratic Republic of the Congo,,2005,8.5,11.7666666667,11951.0,54.06%,
Democratic Republic of the Congo,,2005,8.5,11.7666666667,6097.0,54.06%,
Costa Rica,,1982,4.0,5.5,2609.0,,
Costa Rica,,1996,9.6,4.5,11640.0,92.58%,
Costa Rica,,2009,8.1,1.1666666667,30826.0,95.08%,
Croatia,,1994,6.7,0.6,17349.0,94.82%,15.088
Croatia,,1996,9.2,0.5,23601.0,94.82%,
Czech Republic,,1991,6.7,0.9,29676.0,,12.931
Czech Republic,,2002,4.4,2.0666666667,81899.0,,5.744
Democratic People's Republic of Korea,,2002,0.9,17.7333333333,10910.0,,
Democratic People's Republic of Korea,,2009,0.0,18.8,12035.0,100.00%,
Djibouti,,2002,8.366666666699999,25.366666666700002,596.0,,
Djibouti,,2006,13.433333333299998,29.4666666667,769.0,,
Djibouti,,2012,8.1,29.8333333333,1354.0,,
Dominican Republic,,1986,3.9,9.3333333333,135.0,72.54%,
Dominican Republic,,1986,3.9,9.3333333333,7891.0,72.54%,
Dominican Republic,,1991,4.4,8.4,220.0,72.54%,
Dominican Republic,,1991,4.4,8.4,9887.0,72.54%,
Dominican Republic,,1996,6.8666666667,4.7,292.0,72.54%,
Dominican Republic,,1996,6.8666666667,4.7,18242.0,72.54%,
Dominican Republic,,2006,7.4,4.6,390.0,87.18%,
Dominican Republic,,2006,7.4,4.6,37998.0,87.18%,
Ecuador,,2004,5.1,6.2333333333,36592.0,89.70%,
Egypt,,1978,3.8,13.9,14812.0,22.44%,
Egypt,,1988,6.7666666667,11.6333333333,92530.0,31.39%,
Egypt,,1991,14.8666666667,10.4666666667,48431.0,31.39%,
Egypt,,1993,14.3666666667,8.233333333300001,49526.0,31.39%,
Egypt,,2003,9.1666666667,8.633333333300001,85163.0,43.60%,
Egypt,,2008,20.5,6.7666666667,170797.0,57.81%,
El Salvador,,1988,3.0,11.1333333333,2771.0,,
El Salvador,,1993,3.9,7.166666666699999,6680.0,71.28%,
El Salvador,,1998,3.9,9.6,10937.0,71.28%,
El Salvador,,2003,5.7333333333,6.1,13244.0,71.28%,
Equatorial Guinea,,1997,3.4,13.8,526.0,,
Equatorial Guinea,,2004,8.1,10.6,5950.0,81.62%,
Eritrea,,1996,1.2,38.2666666667,749.0,,
Ethiopia,,2011,1.8333333333,29.133333333299998,31958.0,28.92%,
Fiji,,1993,2.2,6.9,1636.0,,
Fiji,,2004,5.1,5.3,2708.0,,
Gabon,,2001,5.5666666667,8.766666666699999,5022.0,65.33%,
Gabon,,2012,7.7,6.466666666699999,17181.0,79.88%,
Gambia,,2006,2.7,15.833333333299999,1071.0,25.06%,
Georgia,,1999,17.9,2.7,2805.0,,
Georgia,,2005,20.9666666667,2.2666666667,6411.0,99.55%,
Georgia,,2009,19.8333333333,1.1333333333,10767.0,99.55%,
Germany,,2006,3.4666666667,1.1,3004950.0,,49.155
Ghana,,1988,1.0,24.075,12678.0,,
Ghana,,1994,2.9333333333,25.1,12303.0,,
Ghana,,1999,2.7,20.3,17756.0,,
Ghana,,2003,4.4666666667,18.8,17494.0,49.79%,
Ghana,,2006,2.6,13.8666666667,28785.0,49.79%,
Ghana,,2008,5.8666666667,14.3,38413.0,49.79%,
Guatemala,,1987,2.8333333333,27.8,6502.0,,
Guatemala,,1999,6.9,20.2666666667,16492.0,57.29%,
Guatemala,,2009,4.9333333333,13.0,37734.0,63.34%,
Guinea,,1999,4.2666666667,21.1666666667,4798.0,9.74%,
Guinea,,2005,5.1,22.5,4506.0,18.24%,
Guinea,,2012,3.0666666667,16.2666666667,7304.0,12.19%,
Guinea-Bissau,,2006,17.0333333333,17.4333333333,592.0,27.49%,
Guinea-Bissau,,2008,2.1666666667,16.6,869.0,27.49%,
Guyana,,1981,4.0,19.5,544.0,,
Guyana,,1997,1.9,10.3,1188.0,,
Guyana,,2007,6.833333333300001,10.733333333300001,1741.0,,
Haiti,,1978,1.5,33.5,974.0,,
Haiti,,2012,3.6,11.6,7890.0,44.60%,
Honduras,,1987,2.7,18.1,5678.0,,
Honduras,,1996,2.4333333333,19.2,5217.0,,
Honduras,,2006,5.7666666667,8.6,10842.0,80.22%,
Honduras,,2012,5.1666666667,7.1,18529.0,85.05%,
Hungary,,1988,2.9666666667,2.2666666667,29699.0,98.45%,11.353
India,,1993,3.1666666667000003,50.6333333333,284194.0,33.73%,
India,,1999,3.6,44.4,466841.0,33.73%,
Indonesia,,2001,1.5,22.5,174507.0,75.27%,
Indonesia,,2007,11.2333333333,19.633333333299998,470144.0,88.79%,
Indonesia,,2010,12.333333333299999,17.9333333333,755256.0,89.68%,
Iran,,1998,6.9,9.5,208928.0,66.07%,
Iraq,,2006,14.9666666667,7.1333333333,65144.0,64.17%,
Italy,,1977,7.1,1.3,256747.0,,36.956
Jamaica,,1978,15.6,8.1,2644.0,,
Jamaica,,1992,4.4,7.0,4328.0,,
Jamaica,,1993,9.3,8.9,5516.0,,
Jamaica,,1994,6.2,4.4666666667,5529.0,,
Jamaica,,1996,3.7666666667,5.6,7394.0,,
Jamaica,,1997,5.5666666667,3.4666666667,8400.0,,
Jamaica,,1998,5.2333333333,3.3666666667,8787.0,,
Jamaica,,2001,5.7,4.1,9195.0,85.87%,
Jamaica,,2002,8.4666666667,2.5666666667,9719.0,85.87%,
Jamaica,,2004,7.466666666699999,3.1333333333,10175.0,85.87%,
Jamaica,,2006,6.1333333333,3.7,11946.0,85.87%,
Jamaica,,2007,8.4666666667,1.8,12881.0,85.87%,
Jamaica,,2008,5.9,1.9666666667,13743.0,85.87%,
Japan,,1981,2.9,3.2,1218990.0,,41.352
Jordan,,1997,4.3333333333,3.8333333333,7246.0,52.11%,
Jordan,,2002,4.7,3.6,9582.0,52.11%,
Jordan,,2009,6.5666666667,1.8666666667,23820.0,88.90%,
Jordan,,2012,4.7333333333,3.0,31418.0,97.37%,
Kazakhstan,,2006,16.9333333333,4.8666666667000005,81003.0,99.29%,
Kazakhstan,,2011,13.3,3.6666666667,192626.0,99.74%,
Kenya,,1993,5.9,20.0666666667,7869.0,,
Kenya,,1998,7.5666666667,17.5666666667,15739.0,,
Kenya,,2003,5.8,16.5,16796.0,77.89%,
Kenya,,2009,5.0,16.4,37022.0,66.86%,
Kiribati,,1985,15.9,11.3,32.0,,
Kuwait,,1997,8.9,1.5,30350.0,74.15%,
Kuwait,,2001,11.0333333333,2.2,34886.0,74.15%,
Kuwait,,2002,6.6,2.0666666667,38135.0,74.15%,
Kuwait,,2003,6.8,2.3333333333,47844.0,74.15%,
Kuwait,,2004,7.1,2.8,59439.0,74.15%,
Kuwait,,2009,9.0,1.7333333333,105992.0,91.78%,
Kuwait,,2010,7.8,1.7,115401.0,92.68%,
Kuwait,,2011,8.3,2.1,154020.0,92.68%,
Kuwait,,2012,9.5333333333,2.2,174066.0,94.97%,
Kyrgyzstan,,1997,9.2,8.1666666667,1767.0,,
Kyrgyzstan,,2006,10.6666666667,2.7,2837.0,98.13%,
Laos,,2006,1.2666666667,31.5666666667,3915.0,63.23%,
Lebanon,,1996,20.8333333333,3.5333333333,12816.0,,
Lebanon,,2004,16.6666666667,4.1333333333,21146.0,,
Lesotho,,2005,6.7666666667,16.6,1596.0,92.05%,
Libya,,2007,22.4,5.5666666667,67690.0,77.80%,
Madagascar,,1984,4.1,29.7,2939.0,,
Madagascar,,1992,1.6333333333000002,35.4666666667,3001.0,,
Madagascar,,1997,2.9333333333,35.4666666667,3546.0,,
Madagascar,,2004,6.2,36.8333333333,4364.0,65.28%,
Malawi,,1992,9.9,24.366666666700002,3120.0,33.52%,
Malawi,,2005,10.1666666667,18.4333333333,3656.0,54.00%,
Malawi,,2006,11.3,15.5333333333,3998.0,54.00%,
Malawi,,2009,4.9333333333,12.1,6195.0,54.00%,
Malaysia,,1999,5.5,16.7,84996.0,77.28%,
Maldives,,1994,1.1666666667,32.5333333333,382.0,96.15%,
Maldives,,1998,6.9,42.0666666667,693.0,96.44%,
Maldives,,2001,3.9,25.7333333333,767.0,96.44%,
Maldives,,2009,6.9333333333,17.8,2345.0,98.43%,
Mali,,1987,0.5333333333,28.9666666667,2308.0,5.74%,
Mali,,1996,2.1333333333,34.6,3416.0,5.74%,
Mali,,2001,3.0666666667,30.0666666667,3468.0,11.89%,
Mauritania,,2001,3.8,30.4333333333,1296.0,43.42%,
Mauritania,,2007,2.3,23.2,3343.0,35.35%,
Mauritania,,2008,0.9666666667,15.8666666667,3978.0,35.35%,
Mauritania,,2012,1.1666666667,19.5,5226.0,35.35%,
Mexico,,1988,6.1,12.4,201926.0,79.89%,6.671
Mexico,,1989,9.8,13.8666666667,246079.0,79.89%,6.671
Mexico,,1999,7.6333333333,5.966666666699999,600225.0,84.96%,
Mexico,,2012,9.0,2.8,1201090.0,93.18%,7.238
Mongolia,,1999,7.0,10.833333333299999,1236.0,,
Mongolia,,2004,6.1,4.7666666667,2319.0,97.53%,
Mongolia,,2005,14.1333333333,5.3,2523.0,97.53%,
Montenegro,,2006,15.6,2.2,2724.0,96.32%,
Morocco,,1987,5.533333333300001,12.7333333333,21911.0,17.51%,
Morocco,,1992,10.7,8.0666666667,33712.0,17.51%,
Morocco,,1997,13.666666666700001,7.7,39147.0,28.73%,
Mozambique,,2008,3.6333333333,18.3,11555.0,33.19%,
Mozambique,,2011,7.9,15.566666666700002,13131.0,36.45%,
Myanmar,,1997,11.6,25.0,9043.0,71.63%,
Myanmar,,2003,2.4,29.633333333299998,12058.0,86.42%,
Namibia,,1992,4.5333333333,21.5333333333,3014.0,73.99%,
Nauru,,2007,2.8,4.8,20.0,,
Nepal,,1975,0.2666666667,60.8,1576.0,,
Nepal,,1996,1.0,42.9,4861.0,17.38%,
Nepal,,1998,0.4333333333,38.1666666667,5253.0,17.38%,
Nepal,,2006,0.6,38.7666666667,9044.0,34.89%,
Netherlands,,1980,2.3,1.6333333333000002,193415.0,,60.9
Nicaragua,,1982,3.8,8.7,2497.0,,
Nicaragua,,1993,5.666666666699999,9.5666666667,3726.0,,
Nicaragua,,1998,5.466666666699999,10.1833333333,4635.0,,
Nicaragua,,2007,6.166666666699999,5.7333333333,7423.0,77.92%,
Niger,,1992,2.0,40.9333333333,2345.0,,
Niger,,1998,1.2,44.9666666667,1980.0,,
Niger,,2006,3.5333333333,39.8333333333,3650.0,15.08%,
Nigeria,,1993,5.5,35.1,56807.0,43.73%,
Nigeria,,2007,13.3,25.7,262215.0,43.32%,
Nigeria,,2011,2.9666666667,24.366666666700002,414095.0,41.39%,
Oman,,1991,5.5,21.4,11341.0,,
Oman,,1999,1.6,11.3,15593.0,,
Oman,,2009,1.7333333333,8.6,48388.0,80.87%,
Pakistan,,1977,6.2,48.3,15126.0,,
Pakistan,,1987,7.8,44.4,43437.0,14.77%,
Pakistan,,1991,5.4,38.9666666667,59556.0,14.77%,
Pakistan,,1994,1.6333333333000002,35.3333333333,67998.0,14.77%,
Pakistan,,2001,4.8,31.3,77931.0,29.04%,
Pakistan,,2011,6.3666666667,30.9,213588.0,41.98%,
Panama,,1980,6.9,11.7,4039.0,88.05%,
Panama,,1997,6.2,6.3,10677.0,88.21%,
Papua New Guinea,,1983,2.7333333333,24.6,3865.0,,
Papua New Guinea,,2005,3.3666666667,17.9,7312.0,50.92%,
Paraguay,,2005,7.1,3.4,10738.0,88.56%,
Peru,,1992,9.3333333333,8.8,35377.0,73.86%,
Peru,,1996,9.9,5.666666666699999,54091.0,81.66%,
Peru,,2008,9.8,4.5,121783.0,84.65%,
Peru,,2010,6.9,,148820.0,84.65%,
Philippines,,1975,0.8,45.5,14894.0,,
Philippines,,1992,1.7,29.8,58695.0,93.18%,
Philippines,,1998,1.9,28.3,72207.0,94.54%,
Philippines,,2011,4.3,20.2,224143.0,95.83%,
Moldova,,2005,9.1,3.2,3587.0,95.49%,
Romania,,1991,4.0,5.0,29256.0,,10.998
Romania,,1999,10.1,3.4,36183.0,94.98%,1.221
Romania,,2001,9.0666666667,3.7666666667,40717.0,94.98%,1.785
Rwanda,,1976,2.2,24.7,638.0,,
Rwanda,,1992,3.9666666667,24.2666666667,1950.0,26.57%,
Rwanda,,2005,6.7333333333,18.0333333333,2590.0,59.75%,
Rwanda,,2011,7.1,11.666666666700001,6492.0,61.55%,
Saint Lucia,,1976,4.3,12.1,81.0,,
Samoa,,1999,6.2,1.7,255.0,97.42%,
Sao Tome and Principe,,2006,15.4,8.0,133.0,77.95%,
Sao Tome and Principe,,2009,11.6,14.433333333299998,188.0,60.08%,
Saudi Arabia,,1994,1.2,13.5,134995.0,57.28%,
Saudi Arabia,,2005,6.1333333333,5.3,328206.0,76.34%,
Senegal,,1986,2.2333333333,17.3,5304.0,,
Senegal,,1993,4.0,21.9333333333,7189.0,17.86%,
Senegal,,2005,2.4,14.5,11041.0,29.25%,
Senegal,,2011,2.8333333333,19.2333333333,17895.0,40.42%,
Senegal,,2012,0.7,14.3666666667,17835.0,40.42%,
Serbia,,2006,19.3,1.7666666667,32602.0,,
Seychelles,,1988,5.8,5.0,284.0,85.49%,
Sierra Leone,,1975,12.4,25.0,679.0,,
Sierra Leone,,2005,5.9,28.3333333333,1649.0,24.16%,
Sierra Leone,,2008,10.1,21.3333333333,2511.0,24.16%,
Singapore,,1977,0.6,12.2,6619.0,,
Solomon Islands,,1989,1.9,16.2,167.0,,
Solomon Islands,,2007,2.5,11.5,516.0,69.00%,
Somalia,,2006,4.7,32.7666666667,2390.0,,
South Africa,,1999,9.6,10.1,136550.0,80.93%,
South Africa,,2005,19.1666666667,11.6,257667.0,80.93%,
Sri Lanka,,1978,0.2,49.8,2733.0,,
Sri Lanka,,1987,0.3666666667,29.2,7884.0,82.02%,
Sri Lanka,,2007,1.5666666666999998,21.1,37043.0,89.09%,
Sri Lanka,,2009,0.8333333333,21.6,48113.0,89.07%,
Sudan,,2006,4.2333333333,27.0,45264.0,52.15%,
Suriname,,2006,4.0,7.5,2626.0,87.20%,
Swaziland,,2007,11.3666666667,6.1,3465.0,80.33%,
Syrian Arab Republic,,1993,15.0,11.4666666667,13796.0,37.06%,
Syrian Arab Republic,,2001,19.7,11.066666666700002,20979.0,37.06%,
Syrian Arab Republic,,2006,18.6666666667,9.9333333333,33824.0,73.63%,
Syrian Arab Republic,,2009,17.9333333333,10.1,53939.0,73.63%,
Tajikistan,,2005,6.7,14.8666666667,2311.0,99.22%,
Tajikistan,,2009,4.1666666667,8.3333333333,4977.0,99.22%,
Thailand,,1987,1.2666666667,17.366666666700002,52204.0,83.89%,
Thailand,,2006,8.0,7.0,221759.0,91.53%,
Macedonia,,1999,9.5333333333,1.8666666667,3867.0,90.93%,
Macedonia,,2004,7.9,1.2,5684.0,94.06%,
Macedonia,,2005,16.2,1.8,6257.0,94.06%,
Timor-Leste,,2002,5.7333333333,40.5666666667,511.0,30.00%,
Togo,,1977,0.8,23.1,777.0,,
Togo,,1988,3.2,21.3,1739.0,,
Togo,,1998,2.6,23.2,1750.0,,
Togo,,2010,1.5666666666999998,16.4333333333,3432.0,43.61%,
Trinidad and Tobago,,1976,8.2,14.3,2500.0,,
Trinidad and Tobago,,1987,4.0333333333,4.7,4880.0,93.46%,
Tunisia,,1975,3.5333333333,17.2666666667,4329.0,,
Tunisia,,1988,4.3,8.5,11073.0,35.77%,
Tunisia,,1997,1.4,3.3,20747.0,35.77%,
Tunisia,,2006,8.8333333333,3.3,34377.0,65.35%,
Turkey,,1993,4.9666666667,8.7,248447.0,68.52%,11.753
Turkey,,1998,3.9666666667,7.033333333300001,276012.0,68.52%,
Tuvalu,,2007,6.3,1.6,27.0,,
Uganda,,1989,3.6333333333,19.7333333333,7041.0,,
Uganda,,2001,4.9,19.0,6039.0,44.83%,
Uganda,,2011,3.8,14.1,21108.0,64.59%,
United Kingdom,,1979,4.9,1.9,438994.0,,55.054
Tanzania,,1992,5.7333333333,25.133333333299998,3700.0,48.09%,
Tanzania,,1996,4.6,26.866666666700002,5311.0,48.09%,
Tanzania,,1999,3.2666666667000004,25.3,11624.0,48.09%,
Tanzania,,2005,4.9,16.7,16930.0,62.17%,
United States of America,,1975,4.0,2.0,1684900.0,,54.951
United States of America,,1994,5.4333333333,0.9,7287200.0,,54.951
United States of America,,2002,7.0,1.0666666667,10936400.0,,35.026
United States of America,,2004,8.0,1.2666666667,12213700.0,,36.739
Uruguay,,1999,9.6,5.1666666667,23995.0,97.27%,
Uruguay,,2002,10.0,5.4,13632.0,97.27%,
Uruguay,,2003,12.2,5.7,12067.0,97.27%,
Uruguay,,2004,9.366666666699999,6.0,13708.0,97.27%,
Uruguay,,2011,7.7,4.5,47962.0,98.62%,
Uzbekistan,,1996,18.5,15.2666666667,13922.0,,
Uzbekistan,,2002,11.1,7.033333333300001,9657.0,98.14%,
Uzbekistan,,2006,12.8,4.4333333333,17027.0,98.14%,
Vanuatu,,2007,4.7,11.6,527.0,76.20%,
Venezuela,,1982,5.5,8.9,79998.0,83.00%,
Venezuela,,1987,9.0,3.9,46854.0,83.00%,
Venezuela,,1991,4.3,5.4,53382.0,89.00%,
Venezuela,,1992,4.9,4.5,60400.0,89.00%,
Venezuela,,1993,4.9,4.0,59865.0,89.00%,
Venezuela,,1994,5.0,3.9,58357.0,89.00%,
Venezuela,,1996,4.7,4.4,70536.0,89.00%,
Venezuela,,1997,5.0,4.5,85667.0,89.00%,
Venezuela,,1998,4.9,4.6,91905.0,89.00%,
Venezuela,,1999,5.2,4.1,97239.0,89.00%,
Venezuela,,2002,5.4,4.2,95570.0,92.72%,
Venezuela,,2003,5.3,4.6,83670.0,92.72%,
Venezuela,,2004,5.2,4.5,112189.0,92.72%,
Venezuela,,2005,5.5,4.1,143290.0,92.72%,
Venezuela,,2006,6.1,3.9,177531.0,92.72%,
Venezuela,,2008,6.3,3.2,289741.0,94.93%,
Vietnam,,1993,2.8333333333,36.8666666667,13181.0,82.83%,
Vietnam,,1998,1.4,35.8,27234.0,82.83%,
Vietnam,,2002,2.5666666667,23.4333333333,35097.0,86.61%,
Vietnam,,2003,2.1666666667,24.633333333299998,39563.0,86.61%,
Vietnam,,2004,2.6333333333,23.8,49520.0,86.61%,
Vietnam,,2005,2.6,22.7333333333,57648.0,86.61%,
Vietnam,,2006,3.0666666667,21.6,66393.0,86.61%,
Vietnam,,2007,2.8666666667,22.6,77520.0,86.61%,
Vietnam,,2008,2.9666666667,20.2,98269.0,86.61%,
Yemen,,1992,7.8666666667,29.5666666667,17959.0,,
Yemen,,1996,6.9,34.2,6496.0,17.06%,
Yemen,,1997,3.7333333333,47.5333333333,6838.0,17.06%,
Yemen,,2003,4.9666666667,43.0666666667,11778.0,17.06%,
Zambia,,1992,4.7,21.2333333333,3614.0,57.36%,
Zambia,,1997,6.166666666699999,19.633333333299998,4303.0,57.36%,
Zimbabwe,,1988,5.3666666667000005,7.966666666699999,7815.0,71.85%,
Zimbabwe,,1994,7.5666666667,11.7,7959.0,78.52%,
Zimbabwe,,1999,10.6,11.5,11769.0,78.52%,
Zimbabwe,,2006,9.1,14.0,8141.0,78.52%,
Algeria,,1987,,8.0,63300.0,35.84%,
Angola,,2007,,15.6,65266.0,54.19%,
Belize,,1992,,5.4,518.0,70.33%,
Bolivia,,1981,,12.7,3440.0,51.37%,
Bolivia,,1988,,9.8,4598.0,51.37%,
Bolivia,,1991,,10.2,5343.0,51.37%,
Botswana,,1996,,15.1,4881.0,71.30%,
Brazil,,1989,,5.2666666667,439278.0,72.85%,
Brazil,,2003,,3.7,557681.0,86.50%,
Burkina Faso,,2009,,25.9333333333,8391.0,21.58%,
Burundi,,2005,,35.2,1117.0,52.24%,
Cape Verde,,1983,,16.7,152.0,,
Cape Verde,,1994,,11.8,448.0,53.00%,
Chile,,1976,,3.3,10342.0,,15.063
Chile,,1977,,2.6,13963.0,,15.063
Chile,,1978,,1.9,15990.0,,15.063
Chile,,1979,,1.6,21804.0,,15.063
Chile,,1980,,1.3,28829.0,,15.063
Chile,,1981,,1.1,34133.0,,15.063
Chile,,1982,,1.0,25450.0,90.80%,15.063
Chile,,1983,,1.0,20673.0,90.80%,15.063
Chile,,1984,,1.35,20104.0,90.80%,15.063
Colombia,,1980,,14.7,46342.0,,
Colombia,,1989,,8.8,54860.0,,
Comoros,,1992,,16.2,281.0,40.32%,
Costa Rica,,1989,,2.4,5230.0,92.58%,
Costa Rica,,1991,,2.2,7238.0,92.58%,
Costa Rica,,1992,,2.0,8578.0,92.58%,
Costa Rica,,1993,,2.0,9586.0,92.58%,
Costa Rica,,1994,,1.9,10473.0,92.58%,
Democratic People's Republic of Korea,,2004,,20.6,11168.0,,
Djibouti,,1989,,20.2,409.0,,
Djibouti,,1996,,16.0,494.0,,
Ecuador,,1986,,14.5,13816.0,80.41%,
Ecuador,,1998,,12.5,27474.0,86.19%,
Egypt,,1998,,9.8,89188.0,43.60%,
El Salvador,,1975,,19.5,1884.0,,
Eritrea,,1993,,36.9,483.0,,
Ethiopia,,1992,,43.3,14696.0,,
Gambia,,1996,,23.2,989.0,,
Guinea,,2008,,20.8,6966.0,18.24%,
Guyana,,1971,,22.0,282.0,,
Guyana,,1993,,16.1,721.0,,
Honduras,,1992,,15.8,4675.0,,
Honduras,,1994,,16.1,4693.0,,
India,,1979,,67.3,152992.0,,
India,,1992,,56.6,293262.0,33.73%,
India,,1997,,41.1,423189.0,33.73%,
Indonesia,,1987,,35.9,95214.0,57.69%,
Indonesia,,1989,,30.9333333333,122582.0,57.69%,
Indonesia,,1992,,29.8,168280.0,75.27%,
Indonesia,,1998,,25.7333333333,115323.0,75.27%,
Indonesia,,1999,,22.7666666667,169158.0,75.27%,
Indonesia,,2002,,22.9666666667,212807.0,75.27%,
Indonesia,,2003,,23.0666666667,255428.0,75.27%,
Indonesia,,2005,,24.4,310815.0,86.80%,
Iran,,2004,,4.6,186857.0,70.40%,
Iraq,,1991,,10.4,5979.0,,
Iraq,,2003,,10.1,15800.0,64.17%,
Iraq,,2004,,8.0,36642.0,64.17%,
Jamaica,,1989,,6.3,3692.0,,
Jamaica,,1991,,4.0,4285.0,,
Kenya,,1994,,19.8,9422.0,,
Kenya,,2006,,18.4,25826.0,77.89%,
Kuwait,,1984,,5.6,21457.0,59.11%,
Laos,,1993,,39.8,2652.0,,
Laos,,1994,,35.9,3081.0,,
Lesotho,,1976,,15.2,148.0,,
Lesotho,,1992,,13.8,877.0,,
Lesotho,,1993,,18.9,876.0,,
Liberia,,1976,,17.8,600.0,,
Madagascar,,1994,,40.9,2977.0,,
Malawi,,1981,,21.1,2146.0,,
Malaysia,,1992,,22.6,63521.0,77.28%,
Malaysia,,1993,,20.5,71837.0,77.28%,
Malaysia,,1994,,19.7,79985.0,77.28%,
Malaysia,,2006,,12.933333333299998,168084.0,86.19%,
Mauritania,,1996,,20.3,1443.0,,
Mexico,,1996,,14.8,410973.0,84.96%,
Mongolia,,1992,,10.8,1831.0,,
Mozambique,,2001,,23.0,4567.0,24.96%,
Myanmar,,1991,,32.8,5326.0,71.63%,
Myanmar,,1994,,27.7,7119.0,71.63%,
Nigeria,,1999,,27.3,57477.0,43.73%,
Panama,,2003,,5.1,13694.0,91.25%,
Panama,,2008,,3.9666666667,25156.0,91.25%,
Peru,,1984,,11.7,19442.0,73.86%,
Philippines,,1982,,29.6,41254.0,82.76%,
Philippines,,1987,,29.3,36871.0,82.76%,
Philippines,,1993,,26.3,60237.0,93.18%,
Rwanda,,1996,,24.2,1343.0,26.57%,
Sao Tome and Principe,,1986,,14.5,117.0,42.36%,
Senegal,,1992,,19.0,7602.0,17.86%,
Senegal,,1996,,19.6,6413.0,17.86%,
Sierra Leone,,1978,,20.4,961.0,,
Sierra Leone,,1989,,23.7,1724.0,,
South Africa,,2008,,8.7,287095.0,87.04%,
Sri Lanka,,1993,,33.8,11948.0,82.02%,
Swaziland,,1984,,8.5,628.0,53.67%,
Swaziland,,2008,,7.3,3298.0,80.33%,
Syrian Arab Republic,,1995,,11.3,16556.0,37.06%,
Syrian Arab Republic,,2000,,6.0,19861.0,37.06%,
Tajikistan,,2007,,14.9666666667,3712.0,99.22%,
Thailand,,1993,,16.3,128890.0,83.89%,
Timor-Leste,,2003,,41.5,543.0,30.00%,
Timor-Leste,,2008,,48.5333333333,4391.0,42.50%,
Togo,,1996,,16.7,1815.0,,
Togo,,2008,,20.5,3326.0,44.38%,
Ukraine,,2002,,0.9,42339.0,99.17%,
Tanzania,,2009,,15.933333333299998,28574.0,62.17%,
Tanzania,,2011,,13.566666666700002,33583.0,60.75%,
Uruguay,,1987,,6.5,8095.0,95.88%,
Vanuatu,,1983,,17.3,117.0,47.78%,
Vanuatu,,1996,,10.6,261.0,65.60%,
Vietnam,,1984,,47.0,48177.0,78.14%,
Vietnam,,1989,,40.7,6293.0,82.83%,
Vietnam,,1994,,40.6,16312.0,82.83%,
Zimbabwe,,1987,,10.5,6741.0,71.85%,
