instant,dteday,season,yr,mnth,holiday,weekday,workingday,weathersit,temp,atemp,hum,windspeed,casual,registered,cnt
1.0,2011-01-01,1.0,0.0,1.0,0.0,6.0,0.0,2.0,8.175849000000001,7.99925,0.8058330000000001,10.749882000000001,331.0,654.0,985.0
2.0,2011-01-02,1.0,0.0,1.0,0.0,0.0,0.0,2.0,9.083466,7.346773999999996,0.696087,16.652113,131.0,670.0,801.0
3.0,2011-01-03,1.0,0.0,1.0,0.0,1.0,1.0,1.0,1.229108,-3.499270000000001,0.43727299999999997,16.636703,120.0,1229.0,1349.0
4.0,2011-01-04,1.0,0.0,1.0,0.0,2.0,1.0,1.0,1.4000000000000004,-1.9999480000000016,0.590435,10.739832,108.0,1454.0,1562.0
5.0,2011-01-05,1.0,0.0,1.0,0.0,3.0,1.0,1.0,2.6669790000000013,-0.8681800000000024,0.4369569999999999,12.5223,82.0,1518.0,1600.0
,2011-01-06,1.0,0.0,1.0,0.0,4.0,1.0,1.0,1.6043559999999992,-0.6082059999999974,0.518261,6.0008684,88.0,1518.0,1606.0
7.0,,1.0,0.0,1.0,0.0,5.0,1.0,2.0,1.236534000000001,-2.216626,0.498696,11.304642,148.0,1362.0,1510.0
8.0,2011-01-08,1.0,0.0,1.0,0.0,6.0,0.0,2.0,-0.2449999999999992,-5.2912360000000005,0.535833,17.875868,68.0,891.0,959.0
9.0,2011-01-09,1.0,0.0,1.0,0.0,0.0,0.0,1.0,-1.4983490000000008,-8.33245,0.4341670000000001,24.25065,54.0,768.0,822.0
10.0,2011-01-10,1.0,0.0,1.0,0.0,1.0,1.0,1.0,-0.9108490000000008,-6.041391999999997,0.482917,14.958889,41.0,1280.0,1321.0
11.0,2011-01-11,1.0,0.0,1.0,0.0,2.0,1.0,2.0,-0.05272299999999941,-3.363375999999999,0.6863640000000001,8.182844000000001,43.0,1220.0,1263.0
12.0,2011-01-12,1.0,0.0,1.0,0.0,3.0,1.0,1.0,0.11816899999999995,-5.4087819999999995,0.599545,20.410009,25.0,1137.0,1162.0
13.0,2011-01-13,1.0,0.0,1.0,0.0,4.0,,,-0.2449999999999992,-6.041722,0.4704170000000001,20.167,38.0,1368.0,1406.0
14.0,2011-01-14,,0.0,1.0,0.0,5.0,1.0,1.0,-0.43910999999999945,-3.5647420000000007,0.537826,8.478716,54.0,1367.0,1421.0
15.0,2011-01-15,1.0,0.0,,0.0,6.0,0.0,2.0,2.966650999999999,0.3753920000000015,0.49875,10.583521,222.0,1026.0,1248.0
16.0,2011-01-16,1.0,0.0,1.0,0.0,0.0,0.0,1.0,2.8883490000000003,-0.5416779999999992,0.48375,12.625011,251.0,953.0,1204.0
17.0,2011-01-17,1.0,0.0,,1.0,1.0,0.0,2.0,0.264151,-4.333113999999998,0.5375,12.999139,117.0,883.0,1000.0
18.0,2011-01-18,1.0,0.0,1.0,0.0,2.0,1.0,2.0,2.183349,-0.6660220000000017,0.861667,9.833925,9.0,674.0,683.0
19.0,2011-01-19,1.0,0.0,1.0,0.0,3.0,1.0,2.0,5.732177999999998,3.695851999999999,0.741739,13.957239000000001,78.0,1572.0,1650.0
20.0,2011-01-20,1.0,0.0,1.0,0.0,4.0,1.0,,4.298349,0.8333000000000013,0.538333,13.125568,83.0,1844.0,1927.0
21.0,2011-01-21,1.0,0.0,1.0,0.0,5.0,1.0,1.0,0.34249999999999936,-5.583022,0.457083,23.667214,75.0,1468.0,1543.0
22.0,2011-01-22,1.0,0.0,1.0,0.0,6.0,0.0,1.0,-5.2208712,-10.7814064,0.4,11.521989999999999,93.0,888.0,981.0
23.0,2011-01-23,1.0,0.0,,0.0,0.0,0.0,1.0,-3.4634801,-9.4766194,0.436522,16.5222,150.0,836.0,986.0
24.0,2011-01-24,1.0,0.0,1.0,0.0,1.0,1.0,1.0,-3.4226089,-8.216619999999999,0.491739,10.60811,86.0,1330.0,1416.0
25.0,2011-01-25,1.0,0.0,1.0,0.0,2.0,1.0,2.0,2.5034660000000013,-0.5212839999999996,0.616957,8.696332,186.0,1799.0,1985.0
26.0,2011-01-26,1.0,0.0,1.0,0.0,3.0,1.0,3.0,2.2225,-2.5624,0.8625,19.68795,34.0,472.0,506.0
27.0,2011-01-27,1.0,0.0,1.0,0.0,4.0,1.0,1.0,1.1650000000000011,-1.4998000000000005,0.6875,7.627078999999998,15.0,416.0,431.0
28.0,2011-01-28,1.0,0.0,1.0,0.0,5.0,1.0,2.0,1.563466,-1.2610779999999997,0.7930430000000002,8.2611,38.0,1129.0,1167.0
29.0,2011-01-29,1.0,0.0,1.0,0.0,6.0,0.0,1.0,1.236534000000001,-1.999684,0.6517390000000001,9.739455,123.0,975.0,1098.0
30.0,2011-01-30,1.0,0.0,1.0,0.0,0.0,0.0,1.0,2.176534,0.5212520000000005,0.722174,4.9568341999999985,140.0,956.0,1096.0
31.0,2011-01-31,1.0,0.0,1.0,0.0,1.0,1.0,2.0,0.4991509999999994,-3.7075,0.60375,12.541864,42.0,1459.0,1501.0
32.0,2011-02-01,1.0,0.0,2.0,0.0,2.0,1.0,2.0,1.032178,-0.5210199999999983,0.8295650000000001,3.565271,47.0,1313.0,1360.0
33.0,2011-02-02,1.0,0.0,2.0,0.0,3.0,1.0,2.0,4.2200000000000015,0.7915220000000005,0.775417,17.708636,72.0,1454.0,1526.0
34.0,2011-02-03,1.0,0.0,2.0,0.0,4.0,1.0,1.0,0.7869789999999988,-4.260052,0.4378260000000001,18.609384,61.0,1489.0,1550.0
35.0,2011-02-04,1.0,0.0,2.0,0.0,5.0,1.0,2.0,1.9312880000000003,-0.9132580000000008,0.585217,8.565213,88.0,1620.0,1708.0
36.0,2011-02-05,1.0,0.0,2.0,0.0,6.0,0.0,2.0,2.966650999999999,0.04182799999999887,0.929167,10.792292999999999,100.0,905.0,1005.0
37.0,2011-02-06,1.0,0.0,2.0,0.0,0.0,,1.0,5.434151,3.2502860000000027,0.568333,9.5006,354.0,1269.0,1623.0
38.0,2011-02-07,1.0,0.0,2.0,0.0,1.0,1.0,1.0,4.768348999999999,4.041428,0.7383330000000001,3.042356100000001,120.0,1592.0,1712.0
39.0,2011-02-08,1.0,0.0,2.0,0.0,2.0,1.0,1.0,2.379151,-2.915764,0.537917,24.25065,64.0,1466.0,1530.0
40.0,2011-02-09,1.0,0.0,2.0,0.0,3.0,1.0,2.0,-1.6651990000000003,-6.477322000000001,0.494783,12.652213,53.0,1552.0,1605.0
41.0,2011-02-10,1.0,0.0,2.0,0.0,4.0,1.0,1.0,-1.2156440000000002,-6.129831999999999,0.437391,14.869645000000002,47.0,1491.0,1538.0
42.0,2011-02-11,1.0,0.0,2.0,0.0,5.0,1.0,1.0,0.8872770000000011,-1.9084059999999996,0.506364,7.272849999999999,149.0,1597.0,1746.0
43.0,2011-02-12,1.0,0.0,2.0,0.0,6.0,0.0,1.0,2.4575,-0.6250359999999997,0.544167,13.625589000000002,288.0,1184.0,1472.0
44.0,2011-02-13,1.0,0.0,2.0,0.0,0.0,0.0,1.0,6.876534,5.391458,0.457391,17.479160999999998,397.0,1192.0,1589.0
45.0,2011-02-14,1.0,0.0,2.0,0.0,1.0,1.0,1.0,11.505,10.2911,0.3758329999999999,27.999836,208.0,1705.0,1913.0
46.0,2011-02-15,1.0,0.0,2.0,0.0,2.0,1.0,1.0,4.5060889999999985,0.7820840000000011,0.314348,19.522058,,1675.0,1815.0
47.0,2011-02-16,1.0,0.0,2.0,0.0,3.0,1.0,1.0,6.958267000000001,4.869199999999998,0.42347799999999997,16.869996999999998,218.0,1897.0,2115.0
48.0,2011-02-17,1.0,0.0,2.0,,4.0,1.0,1.0,12.484150999999995,12.291428,0.505,15.416967999999999,259.0,2216.0,2475.0
49.0,2011-02-18,,0.0,2.0,0.0,5.0,1.0,1.0,16.518349,17.790878,0.516667,17.749975000000006,579.0,2348.0,2927.0
50.0,2011-02-19,1.0,0.0,2.0,0.0,6.0,0.0,1.0,10.760849,9.832663999999998,0.187917,34.000021000000004,532.0,1103.0,1635.0
51.0,2011-02-20,,0.0,2.0,0.0,0.0,0.0,1.0,5.405199,2.30378,0.407826,14.956745000000002,639.0,1173.0,1812.0
52.0,2011-02-21,1.0,0.0,2.0,1.0,1.0,0.0,2.0,6.2566510000000015,2.7489500000000007,0.605,20.625682,195.0,912.0,1107.0
53.0,2011-02-22,1.0,0.0,2.0,0.0,2.0,1.0,1.0,0.5644340000000003,-3.721822,0.577778,13.110760999999998,74.0,1376.0,1450.0
54.0,2011-02-23,1.0,0.0,2.0,0.0,3.0,1.0,1.0,2.421733,0.2173220000000029,0.423043,6.3055710000000005,139.0,1778.0,1917.0
55.0,2011-02-24,1.0,0.0,2.0,0.0,4.0,1.0,2.0,5.895644000000001,3.086606,0.697391,16.783231999999998,100.0,1707.0,1807.0
56.0,2011-02-25,1.0,0.0,2.0,0.0,5.0,1.0,2.0,9.124356,7.130425999999999,0.712174,23.218113,120.0,1341.0,1461.0
57.0,2011-02-26,1.0,0.0,2.0,0.0,,0.0,1.0,5.277499999999998,2.6246720000000003,0.537917,12.500257,424.0,1545.0,1969.0
58.0,2011-02-27,1.0,0.0,2.0,0.0,0.0,0.0,1.0,8.143466,7.173193999999999,0.68,8.391615999999999,694.0,1708.0,2402.0
59.0,2011-02-28,1.0,0.0,2.0,0.0,1.0,1.0,2.0,11.141831,10.407787999999996,0.8763639999999999,19.408962,81.0,1365.0,1446.0
60.0,2011-03-01,1.0,,3.0,0.0,2.0,1.0,1.0,4.5333489999999985,1.4160139999999968,0.535,14.500475,137.0,1714.0,1851.0
61.0,2011-03-02,1.0,0.0,3.0,0.0,3.0,1.0,1.0,7.745000000000001,5.1246860000000005,0.449583,20.624811,231.0,1903.0,2134.0
62.0,2011-03-03,1.0,0.0,3.0,0.0,4.0,1.0,1.0,,-2.7912219999999994,0.318333,15.125518,123.0,1562.0,1685.0
63.0,2011-03-04,1.0,0.0,3.0,0.0,5.0,1.0,2.0,4.298349,0.8748140000000006,0.610417,13.624182000000001,214.0,1730.0,1944.0
64.0,2011-03-05,1.0,0.0,3.0,0.0,6.0,0.0,2.0,10.055848999999998,8.999413999999998,0.789167,16.875357,640.0,1437.0,2077.0
65.0,2011-03-06,1.0,0.0,3.0,0.0,0.0,0.0,2.0,9.696534,8.172632,0.948261,23.000229,114.0,491.0,605.0
66.0,2011-03-07,1.0,0.0,3.0,0.0,1.0,1.0,1.0,4.3017330000000005,-0.26157399999999953,0.551304,22.870584,244.0,1628.0,1872.0
67.0,2011-03-08,1.0,0.0,3.0,0.0,2.0,1.0,1.0,5.747499999999999,3.958400000000001,0.420833,8.083549999999999,316.0,1817.0,2133.0
68.0,2011-03-09,1.0,0.0,3.0,0.0,3.0,1.0,2.0,5.9041510000000015,2.916127999999997,0.775417,14.750050000000002,191.0,1700.0,
69.0,2011-03-10,1.0,0.0,3.0,0.0,4.0,1.0,3.0,10.287277,9.454088000000002,0.0,17.545758999999997,46.0,577.0,623.0
70.0,2011-03-11,1.0,0.0,3.0,0.0,5.0,1.0,2.0,6.876534,4.129999999999999,0.649565,15.60899,247.0,1730.0,1977.0
71.0,2011-03-12,1.0,0.0,3.0,0.0,6.0,0.0,1.0,7.4708489999999985,5.499499999999998,0.594583,14.791925,724.0,1408.0,2132.0
72.0,2011-03-13,1.0,0.0,3.0,0.0,0.0,0.0,,10.064356,9.086006,0.5273909999999999,18.130468,982.0,1435.0,2417.0
73.0,2011-03-14,1.0,0.0,3.0,0.0,1.0,1.0,1.0,7.285199000000002,5.912000000000003,0.4969569999999999,9.174042,359.0,1687.0,2046.0
74.0,2011-03-15,1.0,0.0,3.0,0.0,2.0,1.0,2.0,6.9173769999999974,4.999748,0.655652,12.348703,289.0,1767.0,2056.0
75.0,2011-03-16,1.0,0.0,3.0,0.0,3.0,1.0,2.0,9.165199,8.217380000000002,0.776522,13.608839,321.0,1871.0,2192.0
76.0,2011-03-17,1.0,0.0,3.0,0.0,4.0,,1.0,11.505,11.081978,0.602917,14.041792999999998,424.0,2320.0,2744.0
77.0,2011-03-18,1.0,0.0,3.0,0.0,5.0,1.0,1.0,17.380000000000006,18.782594000000003,0.525217,15.478139,884.0,2355.0,3239.0
78.0,2011-03-19,1.0,0.0,3.0,0.0,6.0,0.0,1.0,14.2075,14.790650000000005,0.379167,24.667189,1424.0,1693.0,
79.0,2011-03-20,1.0,0.0,3.0,0.0,0.0,0.0,1.0,7.627500000000001,5.499499999999998,0.47375,13.917307,1047.0,1424.0,2471.0
80.0,2011-03-21,2.0,0.0,3.0,0.0,1.0,1.0,2.0,12.230445,11.04251,0.7373910000000001,19.348461,401.0,1676.0,2077.0
81.0,2011-03-22,2.0,0.0,3.0,0.0,2.0,,1.0,12.758349000000004,13.082372000000005,0.624583,15.12525,460.0,2243.0,2703.0
82.0,2011-03-23,2.0,0.0,3.0,0.0,3.0,1.0,2.0,8.306979000000002,6.303974,0.839565,15.695487000000002,203.0,1918.0,2121.0
83.0,2011-03-24,2.0,0.0,3.0,0.0,4.0,1.0,2.0,5.395,1.8749779999999987,0.8058330000000001,16.333728999999998,166.0,1699.0,1865.0
84.0,2011-03-25,2.0,,3.0,0.0,5.0,1.0,1.0,4.415849,0.916591999999998,0.495,15.458575000000002,300.0,1910.0,2210.0
85.0,2011-03-26,2.0,0.0,3.0,0.0,6.0,0.0,1.0,4.494150999999999,0.9996860000000004,0.394167,14.041257,981.0,1515.0,2496.0
86.0,2011-03-27,2.0,0.0,3.0,0.0,0.0,0.0,2.0,3.893020999999997,0.5223739999999992,0.493913,12.3481,472.0,1221.0,1693.0
87.0,2011-03-28,2.0,0.0,3.0,0.0,1.0,1.0,1.0,4.424356000000001,0.9998839999999979,0.302174,14.217668,222.0,1806.0,2028.0
88.0,2011-03-29,2.0,0.0,3.0,0.0,2.0,1.0,1.0,6.2174999999999985,3.3319280000000013,0.31416700000000003,15.208732000000001,317.0,2108.0,2425.0
89.0,2011-03-30,2.0,0.0,3.0,0.0,3.0,1.0,2.0,6.1,3.6251,0.6466670000000001,11.583496,168.0,1368.0,1536.0
90.0,2011-03-31,2.0,0.0,3.0,0.0,4.0,1.0,3.0,4.611651,0.9999499999999985,0.918333,14.582282,179.0,1506.0,1685.0
91.0,2011-04-01,2.0,0.0,4.0,0.0,5.0,1.0,2.0,6.1,2.7079640000000005,0.68625,17.333436,307.0,1920.0,2227.0
92.0,2011-04-02,2.0,0.0,4.0,0.0,6.0,0.0,2.0,6.805,4.832042000000001,0.65375,13.208782,898.0,1354.0,2252.0
93.0,2011-04-03,2.0,0.0,4.0,0.0,,0.0,1.0,9.781651,8.998622000000003,0.48,12.208271000000002,1651.0,1598.0,3249.0
94.0,2011-04-04,2.0,,4.0,0.0,1.0,1.0,1.0,18.946651,19.833314,0.42625,25.833257,734.0,2381.0,3115.0
95.0,2011-04-05,2.0,0.0,4.0,0.0,2.0,1.0,2.0,11.465849,10.2911,0.642083,26.000489,167.0,1628.0,1795.0
96.0,2011-04-06,2.0,0.0,4.0,0.0,3.0,1.0,1.0,10.369151,9.582127999999999,0.470833,17.625221,413.0,2395.0,2808.0
97.0,2011-04-07,2.0,0.0,4.0,0.0,4.0,1.0,,,12.623936,0.602917,10.874904,571.0,2570.0,3141.0
,2011-04-08,2.0,0.0,4.0,0.0,5.0,1.0,2.0,7.784151,5.4156140000000015,0.83625,15.208464000000001,172.0,1299.0,1471.0
99.0,2011-04-09,2.0,0.0,4.0,0.0,6.0,0.0,2.0,8.0975,6.540913999999997,0.8775,8.916560999999998,879.0,1576.0,2455.0
100.0,2011-04-10,2.0,0.0,4.0,0.0,0.0,0.0,2.0,12.053349,12.164641999999995,0.8575,9.833389,1188.0,1707.0,2895.0
101.0,2011-04-11,2.0,0.0,4.0,0.0,1.0,1.0,2.0,19.995644,21.304322,0.716956,21.739758,855.0,2493.0,3348.0
102.0,2011-04-12,2.0,0.0,4.0,0.0,2.0,1.0,2.0,15.617499999999994,16.541564,0.739167,18.416893,257.0,1777.0,2034.0
103.0,2011-04-13,2.0,0.0,4.0,0.0,3.0,1.0,2.0,11.3875,11.540678,0.8191669999999999,16.791339,209.0,1953.0,2162.0
104.0,2011-04-14,2.0,0.0,4.0,0.0,4.0,1.0,1.0,13.9725,14.540972,0.540417,7.4169,529.0,2738.0,3267.0
105.0,,2.0,0.0,4.0,1.0,5.0,0.0,1.0,12.993348999999998,13.166258,0.67125,15.167125,642.0,2484.0,3126.0
106.0,2011-04-16,2.0,0.0,4.0,0.0,6.0,0.0,3.0,12.249150999999998,12.082472000000001,0.888333,22.834135999999997,121.0,674.0,795.0
107.0,2011-04-17,2.0,0.0,4.0,0.0,0.0,0.0,1.0,13.463349,13.415936,0.479583,20.334232,1558.0,2186.0,3744.0
108.0,2011-04-18,2.0,0.0,4.0,0.0,1.0,1.0,1.0,16.0875,17.207635999999997,0.5425,10.958989,669.0,2760.0,3429.0
109.0,2011-04-19,2.0,0.0,4.0,0.0,2.0,1.0,2.0,15.774151000000002,16.291027999999994,0.6658329999999999,10.584057000000001,409.0,2795.0,3204.0
110.0,2011-04-20,2.0,0.0,4.0,0.0,3.0,1.0,1.0,19.965,21.249872000000003,0.614167,16.208975,613.0,3331.0,3944.0
111.0,,2.0,0.0,4.0,0.0,4.0,1.0,1.0,13.580848999999999,13.956872,0.4070829999999999,21.792285999999997,745.0,3444.0,4189.0
112.0,2011-04-22,2.0,0.0,4.0,0.0,5.0,1.0,2.0,7.823349,5.248964000000001,0.729583,14.707907,177.0,1506.0,1683.0
113.0,2011-04-23,2.0,0.0,4.0,0.0,6.0,0.0,2.0,13.62,13.707985999999998,0.887917,15.458575000000002,1462.0,2574.0,4036.0
114.0,2011-04-24,2.0,0.0,4.0,0.0,0.0,0.0,2.0,19.338348999999997,20.416358,0.8108330000000001,12.875725,1710.0,2481.0,4191.0
115.0,2011-04-25,2.0,0.0,4.0,0.0,1.0,1.0,1.0,20.513349,21.916999999999998,0.7766670000000001,12.417311,773.0,3300.0,4073.0
116.0,2011-04-26,2.0,0.0,4.0,0.0,,1.0,1.0,21.688349,23.209478000000004,0.729167,21.8755,678.0,3722.0,4400.0
117.0,2011-04-27,2.0,0.0,4.0,0.0,3.0,1.0,2.0,21.14,21.959372,0.835417,20.9174,547.0,3325.0,3872.0
118.0,2011-04-28,2.0,0.0,4.0,0.0,4.0,1.0,2.0,21.0225,22.209314000000003,0.700833,21.500836,569.0,3489.0,4058.0
119.0,2011-04-29,2.0,0.0,4.0,0.0,5.0,1.0,1.0,15.97,16.832558,0.457083,16.084221,878.0,3717.0,4595.0
120.0,2011-04-30,2.0,,4.0,0.0,6.0,0.0,1.0,14.2075,14.625386000000002,0.503333,15.750025,1965.0,3347.0,5312.0
121.0,2011-05-01,2.0,0.0,5.0,0.0,0.0,0.0,2.0,13.228348999999998,13.581464000000002,0.762083,7.125717999999999,1138.0,2213.0,3351.0
122.0,2011-05-02,2.0,0.0,5.0,0.0,1.0,,2.0,17.810848999999994,19.166978,0.73,12.291418,847.0,3554.0,4401.0
123.0,2011-05-03,2.0,0.0,5.0,0.0,2.0,1.0,2.0,20.983349,22.417214,0.6970829999999999,22.958689,603.0,3848.0,4451.0
124.0,2011-05-04,2.0,0.0,5.0,0.0,3.0,1.0,2.0,11.465849,10.7069,0.737083,22.042732,255.0,2378.0,2633.0
125.0,2011-05-05,2.0,0.0,5.0,0.0,4.0,1.0,1.0,13.580848999999999,13.166522,0.444167,19.791264,614.0,3819.0,4433.0
126.0,2011-05-06,2.0,0.0,5.0,0.0,5.0,1.0,1.0,14.520849000000002,15.291722,0.59,15.292482000000001,894.0,3714.0,4608.0
127.0,2011-05-07,2.0,0.0,5.0,0.0,6.0,0.0,1.0,16.44,17.832986,0.54125,10.75015,1612.0,3102.0,4714.0
128.0,2011-05-08,2.0,0.0,5.0,0.0,0.0,0.0,,16.831650999999994,18.249578,0.631667,5.0007125,1401.0,2932.0,4333.0
129.0,2011-05-09,2.0,0.0,5.0,0.0,1.0,1.0,1.0,17.0275,18.666236,0.58875,11.792000000000002,664.0,3698.0,4362.0
130.0,2011-05-10,2.0,,5.0,0.0,2.0,1.0,1.0,17.0275,18.499585999999997,0.489167,7.749957000000001,694.0,4109.0,4803.0
131.0,2011-05-11,2.0,0.0,5.0,0.0,3.0,1.0,1.0,17.4975,18.8744,0.632917,8.083014,550.0,3632.0,4182.0
132.0,2011-05-12,2.0,0.0,5.0,0.0,4.0,1.0,1.0,17.145000000000003,18.541957999999997,0.7475,12.707689,695.0,4169.0,4864.0
133.0,2011-05-13,2.0,0.0,5.0,0.0,5.0,1.0,2.0,16.0875,16.623800000000006,0.8633330000000001,12.041575,692.0,3413.0,4105.0
134.0,2011-05-14,2.0,0.0,5.0,0.0,6.0,0.0,2.0,16.479150999999998,17.041514000000003,0.9225,9.04165,902.0,2507.0,3409.0
135.0,2011-05-15,2.0,0.0,5.0,0.0,0.0,0.0,2.0,18.4375,19.376000000000005,0.867083,10.249592999999999,1582.0,2971.0,4553.0
136.0,2011-05-16,2.0,0.0,5.0,0.0,1.0,1.0,1.0,19.1425,20.333792000000006,0.7879169999999999,8.500357000000001,773.0,3185.0,3958.0
137.0,2011-05-17,2.0,0.0,5.0,0.0,2.0,1.0,2.0,18.398349,19.542914000000003,0.837917,18.582718,678.0,3445.0,4123.0
138.0,2011-05-18,2.0,0.0,5.0,0.0,3.0,1.0,2.0,17.85,18.792428,0.87,13.499964000000002,536.0,3319.0,3855.0
139.0,2011-05-19,2.0,0.0,5.0,0.0,4.0,1.0,2.0,16.949151,17.708972000000006,0.829583,7.2502710000000015,735.0,3840.0,4575.0
140.0,2011-05-20,2.0,,5.0,0.0,5.0,1.0,1.0,17.223349,18.916772,0.719583,8.375871,909.0,4008.0,4917.0
141.0,2011-05-21,2.0,0.0,5.0,0.0,6.0,0.0,1.0,20.317500000000006,21.75035,0.626667,8.083549999999999,2258.0,3547.0,5805.0
142.0,2011-05-22,2.0,0.0,5.0,0.0,0.0,0.0,1.0,20.395849,21.916999999999998,0.7495829999999999,9.916536,1576.0,3084.0,4660.0
143.0,2011-05-23,2.0,0.0,5.0,0.0,1.0,1.0,2.0,21.688349,22.959536,0.81,15.667414,836.0,3438.0,4274.0
144.0,2011-05-24,2.0,0.0,5.0,0.0,2.0,1.0,2.0,23.020000000000003,23.917658000000007,0.740833,13.875164000000002,659.0,3833.0,4492.0
145.0,2011-05-25,2.0,0.0,5.0,0.0,3.0,1.0,1.0,23.059151,24.625772000000005,0.69625,10.333611,740.0,4238.0,4978.0
146.0,2011-05-26,2.0,0.0,5.0,0.0,4.0,1.0,1.0,,27.209408000000003,0.6775,13.376014,758.0,3919.0,4677.0
147.0,2011-05-27,2.0,0.0,5.0,0.0,5.0,1.0,1.0,24.038349000000004,,0.65375,16.125493,871.0,3808.0,4679.0
148.0,,2.0,0.0,5.0,0.0,6.0,0.0,1.0,22.824151,24.417014,0.729583,15.416164000000002,2001.0,2757.0,4758.0
149.0,2011-05-29,2.0,0.0,5.0,0.0,0.0,0.0,1.0,23.3725,24.6263,0.81875,,2355.0,2433.0,4788.0
150.0,2011-05-30,2.0,0.0,5.0,1.0,1.0,0.0,1.0,26.466651000000002,28.292072000000005,0.685,8.792075,1549.0,2549.0,4098.0
151.0,2011-05-31,2.0,0.0,5.0,0.0,2.0,1.0,1.0,28.425000000000004,31.875278,0.636667,7.4590429999999985,673.0,3309.0,3982.0
152.0,2011-06-01,2.0,0.0,6.0,0.0,3.0,1.0,2.0,27.915848999999998,31.583822000000005,0.677083,13.875164000000002,513.0,3461.0,3974.0
153.0,2011-06-02,2.0,0.0,6.0,0.0,4.0,1.0,1.0,25.605,26.500171999999996,0.305,19.583229,736.0,4232.0,4968.0
154.0,2011-06-03,2.0,0.0,6.0,0.0,,1.0,1.0,21.14,,0.354167,16.959107,,4414.0,5312.0
155.0,2011-06-04,2.0,0.0,6.0,0.0,6.0,0.0,1.0,21.845,23.249936,0.45625,8.250514,1869.0,3473.0,5342.0
156.0,2011-06-05,2.0,0.0,6.0,0.0,0.0,0.0,2.0,22.471651,24.709064,0.6525,9.292364,1685.0,3221.0,4906.0
157.0,2011-06-06,2.0,0.0,6.0,0.0,1.0,1.0,1.0,23.881651,25.042628,0.6,8.167032,673.0,3875.0,4548.0
158.0,2011-06-07,2.0,0.0,6.0,0.0,2.0,,1.0,25.2525,27.292700000000004,0.597917,12.583136,763.0,4070.0,4833.0
159.0,2011-06-08,2.0,0.0,6.0,0.0,3.0,1.0,1.0,28.464151,32.000414,0.6220829999999999,9.166739,676.0,3725.0,4401.0
160.0,2011-06-09,2.0,0.0,6.0,0.0,4.0,1.0,2.0,29.991651,34.000214,0.568333,10.042161,563.0,3352.0,3915.0
161.0,2011-06-10,2.0,0.0,6.0,0.0,5.0,1.0,1.0,27.485,30.417272000000004,0.605,9.417118,815.0,3771.0,4586.0
162.0,2011-06-11,2.0,0.0,6.0,0.0,6.0,0.0,1.0,26.075,28.750508000000004,0.6545830000000001,10.374949999999998,1729.0,3237.0,4966.0
163.0,2011-06-12,2.0,0.0,6.0,0.0,0.0,0.0,1.0,24.5475,26.459450000000004,0.747917,10.958989,1467.0,2993.0,4460.0
164.0,2011-06-13,2.0,0.0,,0.0,1.0,1.0,1.0,21.845,23.709164,0.494583,20.45845,863.0,4157.0,5020.0
165.0,2011-06-14,2.0,0.0,6.0,0.0,2.0,1.0,1.0,20.395849,23.042036000000003,0.507083,18.041960999999997,727.0,4164.0,4891.0
166.0,2011-06-15,2.0,0.0,6.0,0.0,3.0,1.0,1.0,21.453349,22.791764,0.471667,11.250104,769.0,4411.0,5180.0
167.0,2011-06-16,2.0,0.0,6.0,0.0,4.0,1.0,2.0,21.531651,23.292835999999998,0.688333,13.833557,545.0,3222.0,3767.0
168.0,2011-06-17,2.0,0.0,6.0,0.0,5.0,1.0,1.0,22.510849000000004,23.625278,0.735833,9.582942999999998,863.0,3981.0,4844.0
169.0,2011-06-18,2.0,0.0,6.0,0.0,6.0,0.0,1.0,24.743349,26.500964000000003,0.670417,8.000335999999999,1807.0,3312.0,5119.0
170.0,2011-06-19,2.0,0.0,6.0,0.0,0.0,0.0,2.0,24.860848999999998,26.625836,0.666667,6.834,1639.0,3105.0,4744.0
171.0,2011-06-20,2.0,0.0,6.0,0.0,1.0,1.0,2.0,21.845,23.292835999999998,0.74625,10.416825,699.0,3311.0,4010.0
172.0,2011-06-21,3.0,0.0,6.0,0.0,2.0,1.0,2.0,23.999151,26.084636000000003,0.770417,11.458675,774.0,4061.0,4835.0
173.0,2011-06-22,3.0,0.0,6.0,0.0,3.0,1.0,1.0,26.466651000000002,29.792714000000004,0.7075,11.541554,661.0,3846.0,4507.0
174.0,2011-06-23,3.0,0.0,6.0,0.0,4.0,1.0,2.0,26.231651,29.792978000000005,0.703333,15.999868,746.0,4044.0,4790.0
175.0,2011-06-24,3.0,0.0,6.0,0.0,5.0,1.0,1.0,26.035849,27.334478000000004,0.573333,14.875675,969.0,4022.0,4991.0
176.0,2011-06-25,3.0,0.0,6.0,0.0,6.0,0.0,1.0,24.665,26.458658000000003,0.483333,14.041257,1782.0,3420.0,5202.0
177.0,2011-06-26,3.0,0.0,6.0,0.0,0.0,0.0,,23.96,26.083514,0.513333,6.333731100000001,1920.0,3385.0,5305.0
178.0,2011-06-27,3.0,0.0,6.0,0.0,1.0,1.0,2.0,24.0775,26.042264000000007,0.658333,7.208396000000001,854.0,3854.0,4708.0
179.0,2011-06-28,3.0,0.0,6.0,0.0,2.0,1.0,1.0,26.975849000000004,29.708828,0.634167,9.666961,,3916.0,4648.0
180.0,2011-06-29,3.0,0.0,6.0,0.0,3.0,1.0,1.0,26.231651,27.209408000000003,0.497917,,848.0,4377.0,5225.0
181.0,2011-06-30,3.0,0.0,6.0,0.0,4.0,1.0,1.0,24.743349,26.042528000000004,0.4341670000000001,12.415903999999998,1027.0,4488.0,5515.0
182.0,2011-07-01,3.0,0.0,7.0,0.0,5.0,1.0,1.0,25.957500000000003,27.042692,0.39625,6.874736,1246.0,4116.0,5362.0
183.0,2011-07-02,3.0,0.0,,0.0,,0.0,1.0,26.701651000000002,28.042328,0.444583,7.709153999999999,2204.0,2915.0,5119.0
184.0,2011-07-03,3.0,0.0,7.0,0.0,0.0,0.0,2.0,25.683349,28.125950000000003,0.6825,15.333485999999999,2282.0,2367.0,4649.0
185.0,2011-07-04,3.0,0.0,7.0,1.0,1.0,0.0,2.0,26.153349,27.917522000000005,0.637917,5.4591064000000005,3065.0,2978.0,6043.0
186.0,2011-07-05,3.0,0.0,7.0,0.0,2.0,1.0,1.0,27.093349,29.958308,0.590417,8.459285999999999,1031.0,3634.0,4665.0
187.0,2011-07-06,3.0,0.0,7.0,0.0,3.0,1.0,1.0,25.84,29.251778,0.7433330000000001,10.042161,784.0,3845.0,4629.0
188.0,2011-07-07,3.0,0.0,7.0,0.0,4.0,1.0,1.0,27.25,29.333485999999997,0.65125,10.6664,754.0,3838.0,4592.0
189.0,2011-07-08,3.0,0.0,7.0,0.0,5.0,1.0,2.0,25.330849,28.251878,0.757917,15.083642999999999,692.0,3348.0,4040.0
190.0,2011-07-09,3.0,0.0,7.0,0.0,6.0,0.0,1.0,26.466651000000002,27.834428000000006,0.609167,11.250104,1988.0,3348.0,5336.0
191.0,2011-07-10,3.0,0.0,7.0,0.0,0.0,0.0,1.0,27.1325,29.54165,0.578333,12.292557,1743.0,3138.0,4881.0
192.0,2011-07-11,3.0,0.0,7.0,0.0,1.0,1.0,1.0,27.8375,32.167064,0.635833,18.916579000000002,723.0,3363.0,4086.0
193.0,2011-07-12,3.0,0.0,7.0,0.0,2.0,1.0,1.0,,32.79215,0.559167,13.417018,662.0,3596.0,4258.0
194.0,2011-07-13,3.0,0.0,7.0,0.0,3.0,1.0,1.0,27.093349,29.500664,0.631667,9.790911,748.0,3594.0,4342.0
195.0,2011-07-14,3.0,0.0,7.0,0.0,4.0,1.0,1.0,23.999151,25.916864,0.47625,16.124689,888.0,4196.0,5084.0
196.0,2011-07-15,3.0,0.0,7.0,0.0,5.0,1.0,1.0,23.176651,25.208485999999997,0.59125,12.249811,1318.0,4220.0,5538.0
197.0,2011-07-16,3.0,0.0,7.0,0.0,6.0,0.0,1.0,24.273349000000003,26.125358,0.585,13.958914000000002,2418.0,3505.0,
198.0,2011-07-17,3.0,0.0,7.0,0.0,0.0,0.0,1.0,25.800849,28.208978,0.604167,16.417210999999998,2006.0,3296.0,5302.0
199.0,2011-07-18,3.0,0.0,7.0,0.0,1.0,1.0,1.0,27.093349,30.459050000000005,0.65125,14.458868,841.0,3617.0,4458.0
,2011-07-19,3.0,0.0,7.0,0.0,2.0,1.0,1.0,28.503349,33.333614000000004,0.650417,8.7502,752.0,3789.0,4541.0
201.0,2011-07-20,3.0,0.0,7.0,0.0,3.0,1.0,1.0,28.111651,33.2921,0.7070830000000001,7.625739,644.0,3688.0,4332.0
202.0,2011-07-21,3.0,0.0,7.0,0.0,4.0,1.0,2.0,30.305,38.540486,0.69125,14.875407000000001,632.0,3152.0,3784.0
203.0,2011-07-22,3.0,0.0,7.0,0.0,5.0,1.0,1.0,31.871651,39.49913599999999,0.580417,8.9177,562.0,2825.0,3387.0
204.0,2011-07-23,3.0,0.0,7.0,0.0,6.0,0.0,1.0,31.910849,37.082942,0.5,8.791807,987.0,2298.0,3285.0
205.0,2011-07-24,3.0,0.0,7.0,0.0,0.0,0.0,1.0,31.01,36.458714,0.550833,11.334457,1050.0,2556.0,3606.0
206.0,2011-07-25,3.0,0.0,7.0,0.0,1.0,1.0,1.0,26.936651,31.583228000000002,0.757083,6.0841560999999995,568.0,3272.0,3840.0
207.0,2011-07-26,3.0,0.0,7.0,0.0,2.0,1.0,1.0,28.268349,30.000614000000002,0.540833,13.417286,750.0,3840.0,4590.0
208.0,2011-07-27,3.0,0.0,7.0,0.0,3.0,1.0,1.0,28.425000000000004,29.584022000000004,0.4029170000000001,12.292021000000002,755.0,3901.0,4656.0
209.0,2011-07-28,3.0,0.0,7.0,0.0,4.0,1.0,1.0,28.620849,32.8334,0.583333,11.958093,606.0,3784.0,4390.0
210.0,2011-07-29,3.0,0.0,7.0,0.0,5.0,1.0,1.0,31.401651,35.873822,0.5425,11.667246,670.0,3176.0,3846.0
211.0,2011-07-30,3.0,0.0,7.0,0.0,6.0,0.0,1.0,29.795849,32.083442,0.465833,11.291979,1559.0,2916.0,4475.0
212.0,2011-07-31,3.0,0.0,7.0,0.0,0.0,0.0,1.0,29.874151,32.166536,0.480833,11.042471,1524.0,2778.0,4302.0
213.0,2011-08-01,3.0,0.0,8.0,0.0,1.0,1.0,1.0,28.268349,30.417272000000004,0.550833,10.500039,729.0,3537.0,4266.0
214.0,2011-08-02,3.0,,8.0,0.0,2.0,1.0,1.0,28.816651,30.666686,0.49125,13.79195,801.0,4044.0,4845.0
215.0,2011-08-03,3.0,0.0,8.0,0.0,3.0,1.0,2.0,26.388349,28.875842,0.6575,9.084060999999998,467.0,3107.0,3574.0
216.0,2011-08-04,3.0,0.0,8.0,0.0,4.0,1.0,2.0,25.37,27.87600800000001,0.7575,13.20905,799.0,3777.0,4576.0
217.0,2011-08-05,3.0,0.0,8.0,0.0,5.0,1.0,1.0,25.409151,27.333422,0.630833,12.374632,1023.0,3843.0,4866.0
218.0,2011-08-06,3.0,0.0,8.0,0.0,6.0,0.0,2.0,25.683349,28.626164000000006,0.755,15.29275,1521.0,2773.0,4294.0
219.0,2011-08-07,3.0,0.0,8.0,0.0,0.0,0.0,1.0,26.8975,31.20927200000001,0.7529170000000001,13.499629,1298.0,2487.0,3785.0
220.0,2011-08-08,3.0,0.0,8.0,0.0,1.0,1.0,1.0,27.955,30.416678,0.592083,12.875725,846.0,3480.0,4326.0
221.0,2011-08-09,3.0,0.0,8.0,0.0,2.0,1.0,1.0,28.425000000000004,31.791985999999998,0.570417,10.125107,907.0,3695.0,4602.0
222.0,2011-08-10,3.0,0.0,8.0,0.0,3.0,1.0,1.0,28.033348999999998,29.208878000000002,0.424167,13.417286,884.0,3896.0,4780.0
223.0,2011-08-11,3.0,0.0,8.0,0.0,4.0,1.0,1.0,,27.000386,0.42375,11.041332,812.0,3980.0,4792.0
224.0,2011-08-12,3.0,0.0,8.0,0.0,5.0,1.0,1.0,25.291651,27.166771999999998,0.415,8.416607,1051.0,3854.0,4905.0
225.0,2011-08-13,3.0,0.0,8.0,0.0,6.0,0.0,2.0,24.234151000000004,26.626628000000004,0.729583,14.167418,1504.0,2646.0,4150.0
226.0,2011-08-14,3.0,0.0,8.0,0.0,0.0,0.0,2.0,23.803349,25.209608000000006,0.8175,14.916410999999998,1338.0,2482.0,3820.0
227.0,2011-08-15,3.0,0.0,8.0,0.0,1.0,1.0,1.0,23.294151,24.667022000000006,0.7120830000000001,13.999918,775.0,3563.0,4338.0
228.0,2011-08-16,3.0,0.0,8.0,0.0,2.0,1.0,1.0,24.939151000000006,26.625242,0.578333,15.834043,721.0,4004.0,4725.0
229.0,2011-08-17,3.0,0.0,8.0,0.0,3.0,1.0,1.0,25.996651,28.000286000000006,0.575417,9.625689,668.0,4026.0,4694.0
230.0,2011-08-18,3.0,0.0,8.0,0.0,4.0,1.0,1.0,25.448349,27.709028000000004,0.6545830000000001,15.624935999999998,639.0,3166.0,3805.0
231.0,2011-08-19,3.0,0.0,8.0,0.0,5.0,1.0,2.0,24.195,25.792586,0.722917,9.333635999999998,,3356.0,4153.0
232.0,2011-08-20,3.0,0.0,8.0,0.0,6.0,0.0,1.0,24.7825,26.833736,0.674167,6.999289,1914.0,3277.0,5191.0
233.0,2011-08-21,3.0,0.0,8.0,0.0,0.0,0.0,1.0,25.409151,28.584650000000003,0.77,16.666518,1249.0,2624.0,3873.0
234.0,2011-08-22,3.0,0.0,8.0,0.0,1.0,1.0,1.0,24.508349000000006,26.124764000000003,0.47,18.54225,833.0,3925.0,4758.0
235.0,2011-08-23,3.0,0.0,8.0,0.0,2.0,1.0,1.0,22.119151000000002,24.000422,0.455417,9.833121,1281.0,4614.0,5895.0
236.0,2011-08-24,3.0,0.0,8.0,0.0,3.0,1.0,1.0,23.646651000000002,25.625672,0.605,16.958236,949.0,4181.0,5130.0
237.0,2011-08-25,3.0,0.0,8.0,0.0,4.0,1.0,2.0,24.155849,26.626364,0.7716670000000001,14.125811,435.0,3107.0,3542.0
238.0,2011-08-26,3.0,0.0,8.0,,5.0,1.0,1.0,24.9,27.542378000000003,0.76125,5.625487499999998,768.0,3893.0,4661.0
239.0,2011-08-27,,0.0,8.0,0.0,6.0,0.0,2.0,23.96,25.946696000000006,0.85,25.166339,226.0,889.0,1115.0
240.0,2011-08-28,3.0,0.0,8.0,0.0,0.0,0.0,1.0,25.231773,26.765294000000004,0.561765,20.412153,1415.0,2919.0,4334.0
241.0,2011-08-29,3.0,0.0,8.0,0.0,1.0,1.0,1.0,21.923349,24.125228,0.554583,10.708275,729.0,3905.0,4634.0
242.0,2011-08-30,3.0,0.0,8.0,0.0,2.0,1.0,1.0,22.040848999999998,23.250464,0.548333,8.375535999999999,775.0,4429.0,5204.0
243.0,2011-08-31,3.0,0.0,8.0,0.0,3.0,1.0,1.0,22.863349,24.333986000000003,0.597917,5.5833311000000005,688.0,4370.0,5058.0
244.0,2011-09-01,3.0,0.0,9.0,0.0,4.0,1.0,1.0,22.785,24.584785999999998,0.639167,9.500332,783.0,4332.0,5115.0
245.0,2011-09-02,3.0,0.0,9.0,0.0,5.0,1.0,2.0,22.236651,23.917328,0.727083,9.375243,875.0,3852.0,4727.0
246.0,2011-09-03,3.0,0.0,9.0,0.0,6.0,0.0,1.0,23.450849,25.792058000000004,0.716667,12.416775,1935.0,2549.0,4484.0
247.0,2011-09-04,3.0,0.0,9.0,0.0,0.0,0.0,1.0,25.330849,27.918314,0.742083,13.833289,2521.0,2419.0,4940.0
248.0,2011-09-05,3.0,0.0,9.0,1.0,1.0,0.0,2.0,23.646651000000002,25.292635999999998,0.790417,14.250632000000001,1236.0,2115.0,3351.0
249.0,2011-09-06,3.0,0.0,9.0,0.0,2.0,1.0,3.0,17.380000000000006,18.0032,0.886957,23.044181,204.0,2506.0,2710.0
250.0,2011-09-07,3.0,0.0,9.0,0.0,3.0,1.0,3.0,20.160849,19.919114,0.917083,6.5003936000000015,118.0,1878.0,1996.0
251.0,2011-09-08,3.0,0.0,9.0,0.0,4.0,1.0,3.0,21.793910999999998,20.653826,0.939565,12.914116,153.0,1689.0,1842.0
252.0,2011-09-09,3.0,0.0,9.0,0.0,5.0,1.0,2.0,22.55,22.210435999999994,0.897917,8.333393,417.0,3127.0,3544.0
253.0,2011-09-10,3.0,0.0,9.0,0.0,6.0,0.0,1.0,23.020000000000003,24.125492,0.75375,10.291736,1750.0,3595.0,5345.0
254.0,2011-09-11,3.0,0.0,9.0,0.0,0.0,0.0,1.0,22.706651,24.209114000000003,0.71375,7.708617999999999,1633.0,3413.0,5046.0
255.0,2011-09-12,3.0,0.0,9.0,0.0,1.0,1.0,1.0,22.284355999999995,23.740579999999998,0.692174,5.9571710000000015,690.0,4023.0,4713.0
256.0,2011-09-13,3.0,0.0,9.0,0.0,2.0,1.0,1.0,22.589151,23.834564,0.7125,9.500868,701.0,4062.0,4763.0
257.0,2011-09-14,3.0,0.0,9.0,0.0,3.0,1.0,1.0,23.646651000000002,25.3754,0.6970829999999999,11.2091,647.0,4138.0,4785.0
258.0,2011-09-15,3.0,0.0,,0.0,4.0,1.0,2.0,19.1425,20.542286000000004,0.7091670000000001,18.166782,428.0,3231.0,3659.0
,2011-09-16,3.0,0.0,9.0,0.0,5.0,1.0,2.0,14.050849,14.457350000000002,0.590417,11.000261,742.0,4018.0,4760.0
260.0,2011-09-17,3.0,0.0,9.0,0.0,6.0,0.0,2.0,15.108348999999999,15.581792000000002,0.7183329999999999,12.708225,1434.0,3077.0,4511.0
261.0,2011-09-18,3.0,0.0,9.0,0.0,0.0,0.0,1.0,15.8525,16.375442,0.695,11.958361,1353.0,2921.0,4274.0
262.0,2011-09-19,3.0,0.0,9.0,0.0,1.0,1.0,2.0,17.810848999999994,18.95855,0.69,10.166714,691.0,3848.0,4539.0
263.0,2011-09-20,3.0,0.0,9.0,0.0,2.0,1.0,2.0,18.398349,19.126322,0.88125,9.041918,438.0,3203.0,3641.0
264.0,2011-09-21,3.0,0.0,9.0,0.0,3.0,1.0,2.0,19.965,20.335178,0.9,6.4590814000000005,539.0,3813.0,4352.0
265.0,2011-09-22,3.0,0.0,9.0,0.0,4.0,1.0,2.0,21.531651,20.627557999999997,0.902083,8.584375,555.0,4240.0,4795.0
266.0,2011-09-23,4.0,0.0,9.0,0.0,5.0,1.0,2.0,20.630848999999998,18.460249999999995,0.9725,5.2505689,258.0,2137.0,2395.0
267.0,2011-09-24,4.0,0.0,9.0,0.0,6.0,0.0,2.0,20.513349,21.251192000000003,0.8625,5.251681099999999,1776.0,3647.0,5423.0
268.0,2011-09-25,4.0,0.0,9.0,0.0,0.0,0.0,2.0,21.805849,21.794042,0.845,3.3754063999999997,1544.0,3466.0,5010.0
269.0,2011-09-26,4.0,0.0,9.0,0.0,1.0,1.0,2.0,22.510849000000004,22.876771999999995,0.8483329999999999,7.4169,684.0,3946.0,4630.0
270.0,2011-09-27,4.0,0.0,9.0,0.0,2.0,1.0,2.0,21.923349,21.91865,0.885417,7.917457000000001,477.0,3643.0,4120.0
271.0,2011-09-28,4.0,0.0,9.0,0.0,3.0,1.0,2.0,21.845,21.960427999999997,0.84875,9.958143,480.0,3427.0,3907.0
272.0,2011-09-29,4.0,0.0,9.0,0.0,4.0,1.0,1.0,20.983349,21.917792000000002,0.6991669999999999,11.583161,653.0,4186.0,
273.0,2011-09-30,4.0,0.0,9.0,0.0,5.0,1.0,1.0,18.515849,19.958714,0.6475,13.833825,830.0,4372.0,5202.0
274.0,2011-10-01,4.0,0.0,10.0,0.0,6.0,0.0,2.0,11.27,11.248958000000002,0.75375,19.583832,480.0,1949.0,2429.0
275.0,,4.0,0.0,10.0,0.0,0.0,0.0,2.0,8.763349000000002,6.7909219999999975,0.791667,14.874870999999999,616.0,2302.0,2918.0
276.0,2011-10-03,4.0,0.0,10.0,0.0,1.0,1.0,2.0,10.055848999999998,9.875036,0.760833,5.584168600000001,330.0,3240.0,3570.0
277.0,2011-10-04,4.0,0.0,10.0,0.0,2.0,1.0,1.0,14.755849,15.208628,0.71,13.792218,486.0,3970.0,4456.0
278.0,2011-10-05,4.0,0.0,10.0,0.0,3.0,1.0,1.0,17.301650999999996,18.791107999999998,0.647917,11.87575,559.0,4267.0,4826.0
279.0,2011-10-06,4.0,0.0,10.0,0.0,4.0,1.0,1.0,15.225848999999998,15.70805,0.620833,9.041918,639.0,4126.0,4765.0
280.0,2011-10-07,4.0,0.0,10.0,0.0,5.0,1.0,1.0,16.009151,17.290664000000003,0.684167,1.5002438999999999,949.0,4036.0,4985.0
281.0,2011-10-08,4.0,0.0,10.0,0.0,6.0,0.0,1.0,16.518349,17.873971999999995,0.70125,3.0420814,2235.0,3174.0,5409.0
282.0,2011-10-09,4.0,0.0,10.0,0.0,0.0,0.0,1.0,17.419151,18.582878,0.7275,4.251150000000001,2397.0,3114.0,5511.0
283.0,2011-10-10,4.0,0.0,10.0,1.0,1.0,0.0,1.0,18.829151000000003,19.83305,0.73375,2.8343814,1514.0,3603.0,5117.0
284.0,2011-10-11,4.0,0.0,10.0,0.0,2.0,1.0,2.0,18.633349000000006,20.042336,0.80875,9.583814,667.0,3896.0,4563.0
285.0,2011-10-12,4.0,0.0,10.0,0.0,3.0,1.0,3.0,17.536651000000003,18.169322,0.90625,16.62605,217.0,2199.0,2416.0
286.0,2011-10-13,4.0,0.0,10.0,0.0,4.0,1.0,2.0,19.690849,20.419064000000002,0.8966670000000001,9.499728999999999,290.0,2623.0,2913.0
,2011-10-14,4.0,0.0,10.0,0.0,5.0,1.0,2.0,17.889151000000005,18.95855,0.71625,15.000160999999999,529.0,3115.0,3644.0
288.0,2011-10-15,4.0,0.0,10.0,0.0,6.0,0.0,1.0,15.813349,16.91585,0.483333,17.291560999999998,1899.0,3318.0,5217.0
289.0,2011-10-16,4.0,0.0,10.0,0.0,0.0,0.0,1.0,16.048348999999998,17.208163999999996,0.486667,18.875039,1748.0,3293.0,5041.0
290.0,2011-10-17,4.0,0.0,10.0,0.0,1.0,1.0,1.0,17.105849000000006,17.70785,0.579583,11.750392999999999,713.0,3857.0,4570.0
291.0,2011-10-18,4.0,0.0,10.0,0.0,2.0,1.0,2.0,17.0275,18.499585999999997,0.701667,7.375828999999999,637.0,4111.0,4748.0
292.0,2011-10-19,4.0,0.0,10.0,0.0,3.0,1.0,3.0,17.461733000000002,17.913967999999997,0.8952170000000002,16.303713000000002,254.0,2170.0,2424.0
293.0,2011-10-20,4.0,0.0,10.0,0.0,4.0,1.0,1.0,14.364151000000001,14.790650000000005,0.63625,28.292425,471.0,3724.0,4195.0
294.0,2011-10-21,4.0,0.0,10.0,0.0,5.0,1.0,1.0,12.0925,11.957336000000002,0.574167,14.833532,676.0,3628.0,4304.0
295.0,2011-10-22,4.0,0.0,10.0,0.0,6.0,0.0,1.0,11.857499999999998,12.082472000000001,0.629167,6.208668899999998,1499.0,2809.0,4308.0
296.0,2011-10-23,4.0,0.0,10.0,0.0,0.0,0.0,1.0,11.818349,11.873978,0.74125,6.6673375,1619.0,2762.0,4381.0
297.0,2011-10-24,4.0,0.0,10.0,0.0,1.0,1.0,1.0,13.776651,14.166422,0.772083,7.9590640000000015,699.0,3488.0,4187.0
298.0,2011-10-25,4.0,0.0,10.0,0.0,2.0,1.0,1.0,14.168349,14.582749999999995,0.622917,11.166086,695.0,3992.0,4687.0
299.0,2011-10-26,4.0,0.0,10.0,0.0,3.0,1.0,2.0,14.755849,15.207835999999999,0.7204169999999999,9.959014,404.0,3490.0,3894.0
300.0,2011-10-27,4.0,0.0,10.0,0.0,4.0,1.0,2.0,14.09,14.165035999999999,0.8129170000000001,13.250121000000002,240.0,2419.0,2659.0
301.0,2011-10-28,4.0,0.0,10.0,0.0,5.0,1.0,2.0,7.549150999999999,5.041591999999998,0.585833,15.375093,456.0,3291.0,3747.0
302.0,2011-10-29,4.0,0.0,10.0,0.0,6.0,0.0,3.0,3.9458490000000013,-0.9577419999999996,0.8825,23.541857,57.0,570.0,627.0
303.0,2011-10-30,4.0,0.0,10.0,0.0,0.0,0.0,1.0,7.000849000000002,5.207713999999998,0.62375,11.833339,885.0,2446.0,3331.0
304.0,2011-10-31,4.0,0.0,10.0,0.0,1.0,1.0,1.0,7.98,7.500158000000002,0.703333,7.12545,362.0,3307.0,3669.0
305.0,2011-11-01,4.0,0.0,11.0,0.0,2.0,1.0,1.0,10.839151,10.207808,0.68375,9.083257000000001,410.0,3658.0,4068.0
306.0,2011-11-02,4.0,0.0,11.0,0.0,,1.0,1.0,9.7425,9.748778,0.71875,5.5001438999999985,370.0,3816.0,4186.0
307.0,2011-11-03,4.0,0.0,11.0,0.0,4.0,,1.0,11.191651,10.790785999999995,0.7020830000000001,9.166739,318.0,3656.0,3974.0
308.0,2011-11-04,4.0,0.0,11.0,0.0,5.0,1.0,2.0,10.956650999999999,10.623872000000002,0.6225,18.209193,470.0,3576.0,4046.0
309.0,2011-11-05,4.0,0.0,11.0,0.0,6.0,0.0,1.0,7.353349000000001,5.374364,0.519167,12.667153999999998,1156.0,2770.0,3926.0
310.0,2011-11-06,4.0,0.0,11.0,0.0,0.0,0.0,1.0,8.371651,7.9156280000000026,,6.1676313999999985,952.0,2697.0,3649.0
311.0,2011-11-07,4.0,0.0,11.0,0.0,1.0,1.0,1.0,10.565,10.457486,0.75875,3.834075,373.0,3662.0,4035.0
312.0,2011-11-08,4.0,0.0,11.0,0.0,2.0,1.0,1.0,11.191651,11.208236,0.7216670000000001,4.6255125,376.0,3829.0,4205.0
313.0,2011-11-09,4.0,0.0,11.0,0.0,3.0,1.0,1.0,10.8,10.999213999999998,0.758333,4.1671186,305.0,3804.0,4109.0
314.0,2011-11-10,4.0,0.0,11.0,0.0,4.0,1.0,2.0,9.86,8.665586000000001,0.813333,12.667489000000002,190.0,2743.0,2933.0
315.0,2011-11-11,4.0,0.0,11.0,1.0,5.0,0.0,1.0,7.235849000000001,4.2499220000000015,0.44625,21.083225,440.0,2928.0,3368.0
316.0,2011-11-12,4.0,0.0,11.0,0.0,6.0,0.0,1.0,8.763349000000002,7.624171999999998,0.552917,14.208154,1275.0,2792.0,4067.0
317.0,2011-11-13,4.0,0.0,11.0,0.0,0.0,0.0,1.0,12.719151,12.4163,0.458333,18.875307,1004.0,2713.0,3717.0
318.0,2011-11-14,4.0,0.0,11.0,0.0,1.0,1.0,1.0,16.91,18.624392,0.587083,20.541932,595.0,3891.0,4486.0
319.0,2011-11-15,4.0,0.0,11.0,0.0,2.0,1.0,2.0,,17.500214,0.68875,13.375410999999998,449.0,3746.0,4195.0
320.0,2011-11-16,4.0,0.0,11.0,0.0,3.0,1.0,3.0,13.463349,13.831207999999998,0.93,9.167542999999998,145.0,1672.0,1817.0
321.0,2011-11-17,4.0,0.0,11.0,0.0,4.0,1.0,2.0,8.058349,5.332585999999999,0.575833,20.459254,139.0,2914.0,3053.0
322.0,2011-11-18,4.0,0.0,11.0,0.0,5.0,1.0,1.0,4.885848999999999,1.9995860000000008,0.41,11.291711,245.0,3147.0,3392.0
323.0,2011-11-19,4.0,0.0,11.0,0.0,6.0,0.0,1.0,7.4708489999999985,5.415877999999998,0.502083,15.041232,943.0,2720.0,3663.0
324.0,2011-11-20,4.0,0.0,11.0,0.0,0.0,0.0,2.0,13.776651,14.165828,0.6845829999999999,12.45865,787.0,2733.0,3520.0
325.0,2011-11-21,4.0,0.0,11.0,0.0,1.0,1.0,3.0,13.0325,13.374092,0.91,9.249618,220.0,2545.0,2765.0
326.0,2011-11-22,4.0,0.0,11.0,0.0,2.0,1.0,3.0,11.583349000000002,11.831936000000002,0.9625,7.9590640000000015,69.0,1538.0,1607.0
327.0,2011-11-23,4.0,0.0,11.0,0.0,3.0,1.0,2.0,12.719151,12.415442,0.757917,22.500275,112.0,2454.0,2566.0
328.0,2011-11-24,4.0,0.0,11.0,1.0,4.0,0.0,1.0,9.546650999999997,8.583086000000002,0.549167,11.209368,560.0,935.0,1495.0
329.0,2011-11-25,4.0,0.0,11.0,0.0,5.0,1.0,,9.625,9.124285999999998,0.64375,6.6260186,1095.0,1697.0,2792.0
330.0,2011-11-26,4.0,0.0,11.0,0.0,6.0,0.0,1.0,9.664150999999999,9.415742000000002,0.681667,4.584193599999999,1249.0,1819.0,3068.0
331.0,2011-11-27,4.0,0.0,11.0,0.0,0.0,0.0,1.0,,14.0828,0.698333,13.999918,810.0,2261.0,3071.0
332.0,2011-11-28,4.0,0.0,11.0,0.0,1.0,1.0,1.0,15.663466,16.348052000000006,0.743043,9.522174,253.0,3614.0,3867.0
333.0,2011-11-29,4.0,0.0,11.0,0.0,2.0,1.0,2.0,13.541650999999998,13.790750000000005,0.830833,17.292164,96.0,2818.0,2914.0
334.0,2011-11-30,4.0,0.0,11.0,0.0,3.0,1.0,1.0,7.275,4.540586000000001,0.613333,18.167586,188.0,3425.0,3613.0
335.0,2011-12-01,4.0,0.0,12.0,0.0,4.0,1.0,1.0,6.6875,4.166564000000001,0.524583,14.750585999999998,182.0,3545.0,3727.0
336.0,2011-12-02,4.0,0.0,12.0,0.0,5.0,1.0,1.0,6.765849000000001,5.874578,0.625833,6.750518,268.0,3672.0,3940.0
337.0,2011-12-03,4.0,0.0,12.0,0.0,6.0,0.0,1.0,6.060849000000001,4.499863999999999,0.612917,6.4174811,706.0,2908.0,3614.0
338.0,2011-12-04,4.0,0.0,12.0,0.0,0.0,0.0,1.0,7.549150999999999,7.040600000000001,0.775833,5.6252061000000015,634.0,2851.0,3485.0
339.0,2011-12-05,4.0,0.0,12.0,0.0,1.0,1.0,2.0,10.134151,9.99905,0.8270830000000001,4.1679561000000005,233.0,3578.0,3811.0
340.0,2011-12-06,4.0,0.0,12.0,0.0,2.0,1.0,3.0,13.7375,14.1224,0.949583,15.583061,126.0,2468.0,2594.0
341.0,2011-12-07,4.0,0.0,12.0,0.0,3.0,1.0,3.0,11.27,10.416235999999998,,17.833725,50.0,655.0,705.0
342.0,2011-12-08,4.0,0.0,12.0,0.0,4.0,1.0,1.0,4.494150999999999,0.9579079999999998,0.58,16.083886,150.0,3172.0,3322.0
343.0,2011-12-09,4.0,0.0,12.0,0.0,5.0,1.0,1.0,5.669151000000001,4.957771999999999,0.695833,5.5420189,261.0,3359.0,3620.0
344.0,2011-12-10,4.0,0.0,12.0,0.0,6.0,0.0,1.0,4.925000000000002,1.5831920000000004,0.5075,15.625807,502.0,2688.0,3190.0
345.0,2011-12-11,4.0,0.0,12.0,0.0,0.0,0.0,1.0,2.379151,0.708164,0.49,4.458293899999998,377.0,2366.0,2743.0
346.0,2011-12-12,4.0,0.0,12.0,0.0,1.0,1.0,1.0,3.201651,1.832936,0.6708330000000001,4.251150000000001,143.0,3167.0,3310.0
347.0,2011-12-13,4.0,0.0,12.0,0.0,2.0,1.0,1.0,5.277499999999998,3.8751080000000013,0.59,9.41685,155.0,3368.0,3523.0
348.0,2011-12-14,4.0,0.0,12.0,0.0,3.0,1.0,,6.9224999999999985,6.331892,0.66375,4.0842061,178.0,3562.0,3740.0
349.0,2011-12-15,4.0,0.0,12.0,0.0,4.0,1.0,2.0,11.857499999999998,11.207641999999995,0.634167,17.958814,181.0,3528.0,3709.0
350.0,2011-12-16,4.0,0.0,12.0,0.0,5.0,1.0,2.0,9.625,7.748450000000003,0.500417,17.458525,178.0,3399.0,3577.0
351.0,2011-12-17,4.0,0.0,12.0,0.0,6.0,0.0,2.0,4.141651,0.4584860000000006,0.560833,16.292189,275.0,2464.0,2739.0
352.0,2011-12-18,4.0,0.0,12.0,0.0,0.0,0.0,1.0,3.201651,0.20821399999999807,0.58625,11.375193,220.0,2211.0,2431.0
353.0,2011-12-19,4.0,0.0,12.0,0.0,1.0,1.0,1.0,5.003349,2.5415779999999977,0.6375,11.584032,260.0,3143.0,3403.0
354.0,2011-12-20,,0.0,12.0,0.0,2.0,1.0,2.0,10.134151,10.165964,0.595417,4.125243600000001,216.0,3534.0,3750.0
355.0,2011-12-21,1.0,0.0,12.0,0.0,3.0,1.0,2.0,12.131651000000002,12.249122,0.8583330000000001,14.8338,107.0,2553.0,2660.0
356.0,2011-12-22,1.0,0.0,12.0,0.0,4.0,1.0,2.0,11.896651000000002,12.123986000000002,0.7575,3.167425,227.0,2841.0,3068.0
357.0,2011-12-23,1.0,0.0,12.0,0.0,5.0,1.0,1.0,9.546650999999997,8.915858,0.68625,18.374482,163.0,2046.0,2209.0
358.0,2011-12-24,,0.0,12.0,0.0,6.0,0.0,1.0,6.2174999999999985,3.749972,0.5425,12.750368,155.0,856.0,1011.0
359.0,2011-12-25,1.0,0.0,12.0,0.0,0.0,0.0,1.0,4.9148010000000015,2.477426000000001,0.6813040000000001,10.391097,303.0,451.0,754.0
360.0,2011-12-26,1.0,0.0,12.0,1.0,1.0,0.0,1.0,7.121732999999999,4.825310000000002,0.506957,16.044155,430.0,887.0,1317.0
361.0,2011-12-27,1.0,0.0,12.0,0.0,2.0,1.0,2.0,7.275,5.6237780000000015,0.7625,12.62615,103.0,1059.0,1162.0
362.0,2011-12-28,1.0,0.0,12.0,0.0,3.0,1.0,1.0,6.0591099999999996,2.4782839999999986,0.503913,19.695387,255.0,2047.0,2302.0
363.0,2011-12-29,1.0,0.0,12.0,0.0,4.0,1.0,1.0,3.6716510000000007,1.4168720000000017,0.574167,8.000604,254.0,2169.0,2423.0
364.0,2011-12-30,1.0,0.0,12.0,0.0,5.0,1.0,1.0,6.648349000000001,5.041591999999998,0.636667,9.000578999999998,491.0,2508.0,2999.0
365.0,2011-12-31,1.0,0.0,12.0,0.0,6.0,0.0,1.0,11.27,11.331986,0.615833,14.750318,665.0,1820.0,2485.0
366.0,2012-01-01,1.0,1.0,1.0,0.0,0.0,0.0,1.0,9.39,8.790986,0.6925,12.875189,686.0,1608.0,2294.0
367.0,2012-01-02,1.0,1.0,1.0,1.0,1.0,0.0,1.0,4.833020999999999,0.6520639999999993,0.3813039999999999,22.087555,244.0,1707.0,1951.0
368.0,2012-01-03,1.0,1.0,1.0,0.0,2.0,1.0,1.0,-0.9500000000000002,-7.665850000000002,0.44125,24.499957,89.0,2147.0,2236.0
369.0,2012-01-04,1.0,,1.0,0.0,3.0,1.0,2.0,-2.9475,-8.123758000000002,0.414583,12.3749,95.0,2273.0,2368.0
370.0,2012-01-05,1.0,1.0,,0.0,4.0,1.0,1.0,4.494150999999999,2.3751919999999984,0.524167,8.709128999999999,140.0,3132.0,3272.0
371.0,2012-01-06,1.0,1.0,1.0,0.0,5.0,1.0,1.0,7.705848999999999,6.4576220000000015,0.542083,11.249836,307.0,3791.0,4098.0
372.0,2012-01-07,1.0,1.0,1.0,0.0,6.0,0.0,1.0,10.486650999999998,9.791414,0.531667,11.708786,1070.0,3451.0,4521.0
373.0,2012-01-08,1.0,1.0,1.0,0.0,0.0,0.0,1.0,7.862500000000002,6.457028000000001,0.465,12.833314,599.0,2826.0,3425.0
374.0,2012-01-09,1.0,1.0,1.0,0.0,1.0,1.0,2.0,2.5358490000000007,0.33361400000000074,0.701667,6.6263000000000005,106.0,2270.0,2376.0
375.0,2012-01-10,1.0,1.0,1.0,0.0,2.0,1.0,1.0,,5.042515999999999,0.646522,12.565984,173.0,3425.0,3598.0
376.0,2012-01-11,1.0,1.0,1.0,0.0,3.0,1.0,2.0,4.885848999999999,2.666186,0.8475,8.791807,92.0,2085.0,2177.0
377.0,2012-01-12,1.0,1.0,1.0,0.0,4.0,1.0,2.0,9.9775,9.207908,0.8029170000000001,12.124789000000002,269.0,3828.0,4097.0
378.0,2012-01-13,1.0,1.0,1.0,0.0,5.0,1.0,1.0,4.885848999999999,0.4578920000000011,0.5075,25.333236,,3040.0,3214.0
379.0,2012-01-14,1.0,1.0,1.0,0.0,6.0,0.0,,0.4599999999999991,-3.9162579999999987,0.4575,12.541261,333.0,2160.0,2493.0
380.0,2012-01-15,1.0,1.0,1.0,0.0,0.0,0.0,1.0,-0.16665099999999988,-5.332750000000001,0.419167,16.834286,284.0,2027.0,2311.0
381.0,2012-01-16,1.0,1.0,1.0,1.0,1.0,0.0,1.0,0.9299999999999996,-3.4162420000000004,0.5225,15.500986,217.0,2081.0,2298.0
382.0,2012-01-17,1.0,1.0,1.0,0.0,2.0,1.0,2.0,9.533020999999998,8.042348000000004,0.716087,23.39171,127.0,2808.0,2935.0
383.0,2012-01-18,1.0,1.0,1.0,0.0,3.0,1.0,1.0,6.2566510000000015,2.1667640000000006,0.4433329999999999,27.833743,109.0,3267.0,3376.0
384.0,2012-01-19,1.0,1.0,1.0,0.0,4.0,1.0,1.0,0.9299999999999996,-3.4574919999999985,0.4975,14.750585999999998,130.0,3162.0,3292.0
385.0,2012-01-20,1.0,,1.0,0.0,5.0,1.0,2.0,2.2225,-1.4167720000000017,0.45,13.58425,115.0,3048.0,3163.0
386.0,2012-01-21,1.0,1.0,1.0,0.0,6.0,0.0,2.0,0.14665099999999853,-4.45825,0.83125,14.917014000000002,67.0,1234.0,1301.0
387.0,2012-01-22,1.0,1.0,1.0,0.0,0.0,0.0,2.0,-0.3624999999999998,-5.291499999999999,0.79625,13.375746,196.0,1781.0,1977.0
388.0,2012-01-23,1.0,1.0,1.0,0.0,1.0,1.0,2.0,2.2616510000000005,0.04182799999999887,0.91125,7.417435999999999,145.0,2287.0,2432.0
389.0,2012-01-24,1.0,1.0,1.0,0.0,2.0,1.0,1.0,8.0975,7.041127999999998,0.835833,8.292389,439.0,3900.0,4339.0
390.0,2012-01-25,1.0,1.0,1.0,0.0,3.0,1.0,1.0,5.825849,3.4581860000000013,0.64375,10.791757,467.0,3803.0,4270.0
391.0,,1.0,1.0,1.0,0.0,4.0,1.0,2.0,8.058349,7.499299999999997,0.7695830000000001,4.917518600000001,244.0,3831.0,4075.0
392.0,2012-01-27,1.0,,1.0,0.0,5.0,1.0,2.0,11.974999999999998,11.415278,0.74125,22.958689,269.0,3187.0,3456.0
393.0,2012-01-28,1.0,1.0,1.0,0.0,6.0,0.0,1.0,6.844150999999997,5.541013999999998,0.543333,14.125543,775.0,3248.0,4023.0
394.0,2012-01-29,1.0,1.0,1.0,0.0,0.0,0.0,1.0,5.277499999999998,1.9995860000000008,0.31125,16.08335,558.0,2685.0,3243.0
395.0,2012-01-30,1.0,1.0,1.0,0.0,1.0,1.0,1.0,4.650848999999999,1.3332499999999996,0.400833,14.458064000000002,126.0,3498.0,3624.0
396.0,2012-01-31,1.0,1.0,1.0,0.0,2.0,1.0,1.0,10.330000000000002,9.166922,,17.541739,324.0,4185.0,4509.0
397.0,2012-02-01,1.0,1.0,2.0,0.0,3.0,1.0,1.0,14.050849,14.791507999999999,0.507917,12.667489000000002,304.0,4275.0,4579.0
398.0,2012-02-02,1.0,1.0,2.0,0.0,4.0,1.0,2.0,10.760849,10.332086,0.6729169999999999,12.541529,190.0,3571.0,3761.0
399.0,2012-02-03,1.0,1.0,2.0,0.0,5.0,1.0,1.0,6.726650999999999,4.416836,0.526667,11.959232000000002,310.0,3841.0,4151.0
400.0,2012-02-04,1.0,1.0,,0.0,6.0,0.0,2.0,4.415849,1.9998499999999984,0.7795830000000001,8.167032,384.0,2448.0,2832.0
401.0,2012-02-05,1.0,1.0,2.0,0.0,0.0,0.0,2.0,4.494150999999999,1.4583860000000008,0.6879170000000001,11.791732,318.0,2629.0,2947.0
402.0,2012-02-06,1.0,1.0,2.0,0.0,1.0,1.0,1.0,5.282622999999999,3.5641160000000016,0.622174,10.3046,206.0,3578.0,3784.0
403.0,2012-02-07,1.0,1.0,2.0,0.0,2.0,1.0,1.0,8.645849000000002,7.832863999999998,0.49625,9.874393,199.0,4176.0,4375.0
404.0,2012-02-08,1.0,1.0,2.0,0.0,3.0,1.0,2.0,4.063349000000001,1.5837860000000001,0.722917,8.959307,109.0,2693.0,2802.0
405.0,2012-02-09,1.0,1.0,2.0,0.0,4.0,1.0,1.0,4.455,1.291208000000001,0.562083,13.000479,163.0,3667.0,3830.0
406.0,2012-02-10,1.0,1.0,2.0,0.0,5.0,1.0,2.0,5.1991510000000005,3.3748280000000013,0.54,7.834242999999999,227.0,3604.0,3831.0
407.0,2012-02-11,1.0,1.0,2.0,0.0,6.0,0.0,3.0,2.5358490000000007,-2.082778,0.73125,19.416332,192.0,1977.0,2169.0
408.0,2012-02-12,1.0,1.0,2.0,0.0,0.0,0.0,1.0,-2.0075000000000003,-9.290572,0.464583,27.417204,73.0,1456.0,1529.0
409.0,2012-02-13,1.0,1.0,2.0,0.0,1.0,1.0,1.0,2.4575,-0.9577419999999996,0.41125,11.207961,94.0,3328.0,3422.0
410.0,2012-02-14,1.0,1.0,2.0,0.0,2.0,1.0,2.0,7.000849000000002,6.040436,0.50875,9.458993,135.0,3787.0,3922.0
411.0,2012-02-15,1.0,1.0,2.0,0.0,3.0,1.0,1.0,8.371651,7.207513999999996,0.53125,12.1672,141.0,4028.0,4169.0
412.0,2012-02-16,1.0,1.0,2.0,0.0,4.0,1.0,2.0,6.883349000000001,5.790692,0.7529170000000001,6.125475000000002,74.0,2931.0,3005.0
413.0,2012-02-17,1.0,1.0,2.0,0.0,5.0,1.0,1.0,8.136650999999999,7.207513999999996,0.634583,13.791682000000002,349.0,3805.0,4154.0
414.0,2012-02-18,1.0,1.0,2.0,0.0,6.0,0.0,1.0,8.293349000000001,7.45805,0.534583,12.792243,1435.0,2883.0,4318.0
415.0,2012-02-19,1.0,1.0,2.0,0.0,0.0,0.0,2.0,5.160000000000002,1.5420080000000027,0.515833,16.958504,618.0,2071.0,2689.0
416.0,2012-02-20,1.0,1.0,2.0,1.0,1.0,0.0,1.0,5.160000000000002,2.043806,0.507826,15.348560999999998,502.0,2627.0,3129.0
417.0,2012-02-21,1.0,1.0,2.0,0.0,2.0,1.0,1.0,5.5278220000000005,3.4774580000000017,0.594348,13.783039000000002,163.0,3614.0,3777.0
418.0,2012-02-22,1.0,1.0,2.0,0.0,3.0,1.0,1.0,10.604150999999998,9.916021999999998,0.567917,15.709557,394.0,4379.0,4773.0
419.0,2012-02-23,1.0,1.0,2.0,0.0,4.0,1.0,1.0,13.345849,13.333436,0.554583,12.791171,516.0,4546.0,5062.0
420.0,2012-02-24,1.0,1.0,2.0,0.0,5.0,1.0,2.0,,11.124086000000002,0.7375,15.916989000000001,246.0,3241.0,3487.0
421.0,2012-02-25,1.0,1.0,2.0,0.0,6.0,0.0,1.0,5.669151000000001,0.8745499999999993,0.395833,28.250014,,,2732.0
422.0,2012-02-26,1.0,1.0,2.0,0.0,0.0,0.0,1.0,5.120849,1.7083279999999978,0.41,13.750343,515.0,2874.0,3389.0
423.0,2012-02-27,1.0,1.0,2.0,0.0,1.0,1.0,1.0,9.233349,7.6249639999999985,0.490833,17.958211,253.0,4069.0,4322.0
424.0,2012-02-28,1.0,1.0,2.0,0.0,2.0,1.0,1.0,8.880849000000003,7.332649999999997,0.395833,12.958938999999999,229.0,4134.0,4363.0
425.0,2012-02-29,1.0,1.0,,0.0,3.0,1.0,2.0,8.184356000000001,6.9990200000000025,0.804783,12.000839,65.0,1769.0,1834.0
426.0,2012-03-01,1.0,1.0,3.0,0.0,4.0,1.0,1.0,14.834151000000002,15.374485999999996,0.615417,15.208129000000001,325.0,4665.0,4990.0
427.0,2012-03-02,1.0,1.0,3.0,0.0,5.0,1.0,2.0,8.606651,7.7495720000000015,0.657083,9.708568,246.0,2948.0,3194.0
428.0,2012-03-03,1.0,1.0,3.0,0.0,6.0,0.0,2.0,11.465849,11.290472,0.62125,10.792292999999999,956.0,3110.0,4066.0
429.0,2012-03-04,1.0,1.0,3.0,0.0,0.0,0.0,1.0,7.314150999999999,3.9993859999999977,0.403333,22.416257,710.0,2713.0,3423.0
430.0,2012-03-05,1.0,1.0,3.0,0.0,1.0,1.0,1.0,3.4366509999999995,-0.08271400000000106,0.50625,15.333485999999999,203.0,3130.0,3333.0
431.0,2012-03-06,1.0,1.0,3.0,0.0,2.0,1.0,1.0,4.141651,0.8327719999999985,0.456667,13.458625,221.0,3735.0,3956.0
432.0,2012-03-07,1.0,1.0,3.0,0.0,3.0,1.0,1.0,10.995849,9.4166,0.513333,23.167193,432.0,4484.0,4916.0
433.0,2012-03-08,1.0,1.0,3.0,0.0,4.0,1.0,1.0,16.792499999999997,18.623864,0.5675,29.584721000000002,486.0,4896.0,5382.0
434.0,2012-03-09,1.0,1.0,3.0,0.0,5.0,1.0,2.0,11.309151,10.207478000000002,0.4070829999999999,27.7916,447.0,4122.0,4569.0
435.0,2012-03-10,1.0,1.0,3.0,0.0,6.0,0.0,1.0,5.512499999999998,2.3326220000000006,0.35041700000000003,15.12525,968.0,3150.0,4118.0
436.0,2012-03-11,1.0,1.0,3.0,0.0,0.0,0.0,1.0,9.001732999999998,7.738219999999997,0.476957,14.913329000000001,1658.0,3253.0,4911.0
437.0,2012-03-12,1.0,1.0,3.0,0.0,1.0,1.0,1.0,13.933349,14.333072,0.489167,13.916770999999999,838.0,4460.0,5298.0
438.0,2012-03-13,1.0,1.0,3.0,0.0,2.0,1.0,1.0,18.555,19.833314,0.6175,15.87565,762.0,5085.0,5847.0
439.0,2012-03-14,1.0,1.0,3.0,0.0,3.0,1.0,1.0,18.9075,20.208722,0.507083,7.709153999999999,997.0,5315.0,6312.0
440.0,2012-03-15,1.0,1.0,3.0,0.0,4.0,1.0,1.0,18.2025,19.16645,0.579583,10.042161,1005.0,5187.0,6192.0
441.0,2012-03-16,1.0,1.0,3.0,0.0,5.0,1.0,2.0,12.484150999999995,12.791114,0.8420830000000001,7.583864,548.0,3830.0,4378.0
442.0,2012-03-17,1.0,1.0,3.0,0.0,6.0,0.0,2.0,16.165848999999998,17.333036,0.755833,7.417167999999999,3155.0,4681.0,7836.0
443.0,2012-03-18,1.0,1.0,3.0,0.0,0.0,0.0,2.0,14.2075,14.624,0.81,8.501161,2207.0,3685.0,5892.0
444.0,2012-03-19,1.0,1.0,3.0,0.0,1.0,1.0,1.0,17.615000000000006,19.166186,0.72875,10.875239,982.0,5171.0,6153.0
445.0,2012-03-20,1.0,1.0,3.0,0.0,2.0,1.0,1.0,18.359151,19.543178000000005,0.8079170000000001,8.125157000000002,1051.0,5042.0,6093.0
446.0,2012-03-21,2.0,1.0,3.0,0.0,3.0,1.0,2.0,16.988349,17.875028,0.82125,6.000406099999999,1122.0,5108.0,6230.0
447.0,2012-03-22,2.0,1.0,3.0,0.0,4.0,1.0,1.0,18.045849,19.083422,0.83125,7.8766539999999985,1334.0,5537.0,6871.0
448.0,2012-03-23,2.0,1.0,3.0,0.0,5.0,1.0,2.0,20.278349,21.624422000000006,0.6941669999999999,7.7921,2469.0,5893.0,8362.0
449.0,2012-03-24,2.0,1.0,3.0,0.0,6.0,0.0,2.0,15.617499999999994,16.124378,0.885417,12.916460999999998,1033.0,2339.0,3372.0
450.0,2012-03-25,2.0,1.0,3.0,0.0,0.0,0.0,2.0,12.5625,12.874208,0.880833,14.791925,1532.0,3464.0,4996.0
451.0,2012-03-26,2.0,1.0,3.0,0.0,1.0,1.0,1.0,12.954151,12.9575,0.477917,25.917007,795.0,4763.0,5558.0
452.0,2012-03-27,2.0,1.0,3.0,0.0,2.0,1.0,1.0,7.196650999999999,4.833164,0.29,12.541864,531.0,4571.0,5102.0
,2012-03-28,2.0,1.0,3.0,0.0,3.0,1.0,1.0,14.755849,15.0827,0.48125,19.541957,674.0,5024.0,5698.0
454.0,2012-03-29,2.0,1.0,3.0,0.0,4.0,1.0,1.0,15.225848999999998,15.832064,0.4391670000000001,21.41655,834.0,5299.0,6133.0
455.0,2012-03-30,2.0,1.0,3.0,0.0,5.0,1.0,2.0,9.39,8.790986,0.580833,9.250489,796.0,4663.0,5459.0
456.0,2012-03-31,2.0,1.0,3.0,0.0,6.0,0.0,2.0,11.935849,11.832728,0.7383330000000001,16.791339,2301.0,3934.0,6235.0
457.0,2012-04-01,2.0,1.0,4.0,0.0,0.0,0.0,2.0,12.014151000000002,11.540941999999998,0.67625,11.541889,2347.0,3694.0,6041.0
458.0,2012-04-02,2.0,1.0,4.0,0.0,1.0,1.0,1.0,12.393911,12.215858,0.5043479999999999,20.913313,1208.0,4728.0,5936.0
459.0,2012-04-03,2.0,1.0,4.0,0.0,2.0,1.0,1.0,13.933349,14.457877999999996,0.396667,6.708911,1348.0,5424.0,6772.0
460.0,2012-04-04,2.0,1.0,4.0,0.0,3.0,1.0,1.0,17.458349000000002,19.2077,0.4695829999999999,12.125325,1058.0,5378.0,6436.0
461.0,2012-04-05,2.0,1.0,4.0,0.0,4.0,1.0,1.0,12.445,12.456758,0.3741670000000001,14.708442999999999,1192.0,5265.0,6457.0
462.0,2012-04-06,2.0,1.0,4.0,0.0,5.0,1.0,1.0,10.956650999999999,9.790622000000004,0.377083,20.125996,1807.0,4653.0,6460.0
463.0,2012-04-07,2.0,1.0,4.0,0.0,6.0,0.0,1.0,12.5625,12.124513999999998,0.25416700000000003,18.416357,3252.0,3605.0,6857.0
464.0,2012-04-08,2.0,1.0,4.0,0.0,0.0,0.0,1.0,15.5,16.50005,0.275833,15.583932,2230.0,2939.0,5169.0
465.0,2012-04-09,2.0,1.0,4.0,0.0,1.0,1.0,1.0,14.990848999999999,15.458108,0.3175,23.999132,905.0,4680.0,5585.0
466.0,2012-04-10,2.0,1.0,4.0,0.0,2.0,1.0,1.0,12.993348999999998,12.791377999999998,0.435,16.708125000000006,819.0,5099.0,5918.0
467.0,2012-04-11,2.0,1.0,4.0,0.0,3.0,1.0,1.0,8.388712000000002,6.260083999999999,0.46956499999999995,19.783358,482.0,4380.0,4862.0
468.0,2012-04-12,2.0,1.0,4.0,0.0,4.0,1.0,1.0,10.6825,9.581864,0.46625,19.458743,663.0,4746.0,5409.0
469.0,2012-04-13,2.0,1.0,4.0,0.0,5.0,1.0,1.0,12.7975,12.499327999999998,0.408333,10.416557000000001,1252.0,5146.0,6398.0
470.0,2012-04-14,2.0,1.0,4.0,0.0,6.0,0.0,1.0,15.265,16.207735999999993,0.5029170000000001,12.791439,2795.0,4665.0,7460.0
471.0,2012-04-15,2.0,1.0,4.0,0.0,0.0,0.0,1.0,20.513349,21.875750000000004,0.507917,15.083642999999999,2846.0,4286.0,7132.0
472.0,2012-04-16,2.0,1.0,4.0,1.0,1.0,0.0,1.0,23.215849,24.585050000000006,0.561667,19.083543,1198.0,5172.0,6370.0
473.0,2012-04-17,2.0,1.0,4.0,0.0,2.0,1.0,1.0,20.591651000000002,23.500142,0.390417,18.333143,989.0,5702.0,6691.0
474.0,2012-04-18,2.0,1.0,4.0,0.0,3.0,1.0,2.0,13.776651,14.164508,0.569167,11.250104,347.0,4020.0,4367.0
475.0,2012-04-19,2.0,1.0,4.0,0.0,4.0,1.0,1.0,15.421650999999995,16.541036,0.6125,4.4172563999999985,846.0,5719.0,6565.0
476.0,2012-04-20,2.0,1.0,4.0,0.0,5.0,1.0,1.0,16.753349,18.04115,0.694583,10.041357000000001,1340.0,5950.0,7290.0
477.0,2012-04-21,2.0,1.0,4.0,0.0,6.0,0.0,1.0,18.79,19.832786,0.6829170000000001,19.000329,2541.0,4083.0,6624.0
478.0,2012-04-22,2.0,1.0,4.0,0.0,0.0,0.0,3.0,10.643349,9.707264000000002,0.835417,23.084582,120.0,907.0,1027.0
479.0,,2.0,1.0,4.0,0.0,1.0,1.0,2.0,7.118348999999999,3.87425,0.7666669999999999,20.334232,195.0,3019.0,3214.0
,2012-04-24,2.0,1.0,4.0,0.0,2.0,1.0,1.0,11.426651,10.748678000000002,0.454167,16.708661,518.0,5115.0,5633.0
481.0,2012-04-25,2.0,1.0,4.0,0.0,3.0,1.0,1.0,14.403349,15.040921999999998,0.427917,7.9590640000000015,655.0,5541.0,6196.0
482.0,2012-04-26,2.0,,4.0,0.0,4.0,1.0,2.0,15.421650999999995,15.916477999999998,0.7566669999999999,11.833875,475.0,4551.0,5026.0
483.0,2012-04-27,2.0,1.0,4.0,0.0,5.0,1.0,1.0,13.5025,13.874042000000001,0.400833,23.291411,1014.0,5219.0,6233.0
484.0,2012-04-28,2.0,1.0,4.0,0.0,6.0,0.0,2.0,9.703349000000003,8.915264,0.489583,8.708325,1120.0,3100.0,4220.0
485.0,,2.0,1.0,4.0,0.0,0.0,0.0,1.0,13.541650999999998,13.707985999999998,0.587083,,2229.0,4075.0,6304.0
486.0,2012-04-30,2.0,1.0,4.0,0.0,1.0,1.0,2.0,13.815848999999998,14.207935999999998,0.57,11.499746,665.0,4907.0,5572.0
487.0,2012-05-01,2.0,1.0,5.0,0.0,2.0,1.0,2.0,20.826651,22.083386,0.659583,10.458432,653.0,5087.0,5740.0
488.0,2012-05-02,2.0,1.0,5.0,0.0,3.0,1.0,1.0,18.515849,19.501136,0.797083,9.249885999999998,667.0,5502.0,6169.0
489.0,2012-05-03,2.0,1.0,5.0,0.0,4.0,1.0,2.0,18.320000000000004,19.457972,0.768333,8.957632,764.0,5657.0,6421.0
490.0,2012-05-04,2.0,1.0,5.0,0.0,5.0,1.0,1.0,21.4925,23.000522000000004,0.7354169999999999,10.916846000000001,1069.0,5227.0,6296.0
491.0,2012-05-05,2.0,1.0,5.0,0.0,6.0,0.0,2.0,21.218349,22.584128,0.7566669999999999,10.250464,2496.0,4387.0,6883.0
492.0,2012-05-06,2.0,1.0,5.0,0.0,0.0,0.0,2.0,18.4375,20.084642,0.74,10.041892999999998,2135.0,4224.0,6359.0
493.0,2012-05-07,2.0,1.0,5.0,0.0,1.0,1.0,2.0,17.2625,18.791372000000006,0.664167,15.458307,1008.0,5265.0,6273.0
494.0,2012-05-08,2.0,1.0,5.0,0.0,2.0,1.0,2.0,19.338348999999997,20.793086,0.6858330000000001,19.833943,738.0,4990.0,5728.0
495.0,2012-05-09,2.0,1.0,5.0,0.0,3.0,1.0,,19.025,20.499650000000006,0.744167,14.499604000000001,620.0,4097.0,4717.0
496.0,2012-05-10,2.0,1.0,5.0,0.0,4.0,1.0,1.0,15.774151000000002,16.457678,0.552083,21.042220999999998,1026.0,5546.0,6572.0
497.0,2012-05-11,2.0,1.0,5.0,0.0,5.0,,1.0,17.066650999999997,18.374978,0.360417,15.874778999999998,1319.0,5711.0,7030.0
498.0,2012-05-12,2.0,1.0,5.0,0.0,6.0,0.0,1.0,18.515849,19.957922,0.480417,8.249910999999999,2622.0,4807.0,7429.0
499.0,2012-05-13,2.0,1.0,5.0,0.0,0.0,0.0,1.0,20.7875,22.625708000000003,0.57625,15.082839000000002,2172.0,3946.0,6118.0
500.0,2012-05-14,2.0,1.0,5.0,0.0,1.0,1.0,2.0,18.946651,20.293400000000005,0.789583,14.250364,342.0,2501.0,2843.0
501.0,2012-05-15,2.0,1.0,5.0,0.0,2.0,1.0,2.0,20.748349,22.042664,0.794583,9.875264,625.0,4490.0,5115.0
502.0,2012-05-16,2.0,1.0,5.0,0.0,3.0,1.0,1.0,21.923349,23.33435,0.697917,8.208304,991.0,6433.0,7424.0
503.0,2012-05-17,2.0,1.0,5.0,0.0,4.0,1.0,1.0,19.886651,21.792458000000003,0.52,15.374825,1242.0,6142.0,7384.0
504.0,2012-05-18,2.0,1.0,5.0,0.0,5.0,1.0,1.0,18.515849,20.373985999999995,0.523333,9.166739,1521.0,6118.0,7639.0
505.0,2012-05-19,2.0,1.0,5.0,0.0,6.0,0.0,1.0,20.2,21.415928,0.45625,5.626325,3410.0,4884.0,8294.0
506.0,2012-05-20,2.0,1.0,5.0,0.0,0.0,0.0,1.0,21.179151,22.541822000000003,0.530417,17.042589000000003,2704.0,4425.0,7129.0
507.0,2012-05-21,2.0,1.0,5.0,0.0,1.0,1.0,2.0,20.121651,21.334022000000004,0.81125,15.624668,630.0,3729.0,4359.0
508.0,2012-05-22,2.0,1.0,5.0,0.0,2.0,1.0,2.0,20.905,22.334450000000004,0.765833,7.917189,819.0,5254.0,6073.0
509.0,2012-05-23,2.0,1.0,5.0,0.0,3.0,1.0,2.0,21.218349,22.584392,0.7745830000000001,6.834,766.0,4494.0,5260.0
510.0,2012-05-24,2.0,1.0,5.0,0.0,4.0,1.0,1.0,22.785,24.0422,0.716667,11.584032,1059.0,5711.0,6770.0
511.0,2012-05-25,2.0,1.0,5.0,0.0,5.0,1.0,1.0,23.96,25.416914000000002,0.7470829999999999,9.41685,1417.0,5317.0,6734.0
512.0,2012-05-26,2.0,1.0,5.0,0.0,6.0,,1.0,24.5475,26.417936000000005,0.7325,13.332464000000002,2855.0,3681.0,6536.0
513.0,2012-05-27,2.0,1.0,5.0,0.0,0.0,0.0,1.0,24.43,26.334050000000005,0.6970829999999999,14.416457000000001,3283.0,3308.0,6591.0
514.0,2012-05-28,2.0,1.0,5.0,1.0,1.0,0.0,1.0,25.487500000000004,28.833800000000004,0.67625,13.166907,2557.0,3486.0,6043.0
515.0,2012-05-29,2.0,1.0,5.0,0.0,2.0,1.0,1.0,25.957500000000003,28.417472000000004,0.6845829999999999,19.7918,880.0,4863.0,5743.0
516.0,2012-05-30,2.0,1.0,5.0,0.0,3.0,1.0,2.0,22.863349,24.334514000000002,0.67,9.000043,,6110.0,6855.0
517.0,2012-05-31,2.0,,5.0,0.0,4.0,1.0,1.0,23.96,25.667714000000004,0.492917,13.083692999999998,1100.0,6238.0,
518.0,2012-06-01,2.0,1.0,6.0,0.0,5.0,1.0,2.0,22.745849000000003,24.125492,0.755417,15.916720999999999,533.0,3594.0,4127.0
519.0,2012-06-02,2.0,1.0,6.0,0.0,6.0,0.0,1.0,19.416651,21.375007999999998,0.549167,12.499653999999998,2795.0,5325.0,8120.0
520.0,2012-06-03,2.0,1.0,6.0,0.0,0.0,0.0,1.0,,21.958778,0.493333,12.333829,2494.0,5147.0,7641.0
521.0,2012-06-04,2.0,1.0,6.0,0.0,1.0,1.0,1.0,20.082500000000003,22.166678,0.487083,19.083810999999997,1071.0,5927.0,6998.0
522.0,2012-06-05,2.0,1.0,6.0,0.0,2.0,1.0,2.0,17.419151,18.708872,0.613333,14.041525,968.0,6033.0,7001.0
523.0,2012-06-06,2.0,1.0,6.0,0.0,3.0,1.0,1.0,18.045849,19.791272,0.61125,5.167375,1027.0,6028.0,7055.0
524.0,2012-06-07,2.0,1.0,6.0,0.0,4.0,1.0,1.0,20.317500000000006,21.583172,0.567083,10.54245,1038.0,6456.0,7494.0
525.0,2012-06-08,2.0,1.0,6.0,0.0,5.0,1.0,1.0,22.510849000000004,23.458892000000002,0.4679170000000001,11.750661000000001,1488.0,6248.0,7736.0
526.0,2012-06-09,2.0,1.0,6.0,0.0,6.0,0.0,1.0,25.409151,26.792222,0.437083,9.667228999999999,2708.0,4790.0,7498.0
527.0,2012-06-10,2.0,1.0,6.0,0.0,0.0,0.0,1.0,26.153349,27.792121999999996,0.538333,8.959307,2224.0,4374.0,6598.0
528.0,2012-06-11,2.0,1.0,6.0,0.0,1.0,1.0,2.0,25.879151,27.541586,0.587917,13.916770999999999,1017.0,5647.0,6664.0
529.0,2012-06-12,2.0,1.0,6.0,0.0,2.0,1.0,2.0,22.706651,23.45975,0.833333,14.374582,477.0,4495.0,4972.0
530.0,2012-06-13,2.0,1.0,6.0,0.0,3.0,1.0,1.0,22.824151,24.333722,0.582083,22.999693,1173.0,6248.0,7421.0
531.0,2012-06-14,2.0,1.0,6.0,0.0,4.0,1.0,1.0,22.471651,25.209278000000005,0.569583,17.000110999999997,1180.0,6183.0,7363.0
532.0,2012-06-15,2.0,1.0,6.0,0.0,5.0,1.0,1.0,22.040848999999998,23.583764,0.589583,11.833339,1563.0,6102.0,7665.0
533.0,2012-06-16,2.0,1.0,6.0,0.0,6.0,0.0,1.0,21.688349,23.250728,0.504167,11.166689,2963.0,4739.0,7702.0
534.0,2012-06-17,2.0,1.0,6.0,0.0,0.0,0.0,1.0,19.8475,21.75035,0.59875,9.708568,2634.0,4344.0,6978.0
535.0,2012-06-18,2.0,1.0,6.0,0.0,1.0,1.0,2.0,18.711651,19.959572,0.777917,11.707982,653.0,4446.0,5099.0
536.0,2012-06-19,2.0,1.0,6.0,0.0,2.0,1.0,1.0,24.351651,27.209672000000005,0.69,9.917139,968.0,5857.0,6825.0
537.0,2012-06-20,2.0,1.0,6.0,0.0,3.0,1.0,1.0,28.7775,31.58435,0.592083,7.625403999999999,872.0,5339.0,6211.0
538.0,2012-06-21,3.0,1.0,6.0,0.0,4.0,1.0,1.0,29.874151,33.667772,0.567917,7.958728999999999,778.0,5127.0,5905.0
539.0,2012-06-22,3.0,1.0,6.0,0.0,5.0,1.0,1.0,28.5425,31.791985999999998,0.57375,12.250414,964.0,4859.0,5823.0
540.0,2012-06-23,3.0,1.0,6.0,0.0,6.0,0.0,1.0,26.388349,27.08427200000001,0.534583,12.041307000000002,2657.0,4801.0,7458.0
541.0,2012-06-24,3.0,1.0,6.0,0.0,0.0,0.0,1.0,26.936651,28.500764000000004,0.479167,9.750175,2551.0,4340.0,6891.0
542.0,2012-06-25,3.0,1.0,6.0,0.0,1.0,1.0,1.0,25.644150999999994,27.166771999999998,0.504167,20.125660999999997,1139.0,5640.0,6779.0
543.0,2012-06-26,3.0,1.0,6.0,0.0,2.0,1.0,1.0,21.649151,23.250464,0.3733329999999999,23.292014,1077.0,6365.0,7442.0
544.0,2012-06-27,3.0,1.0,6.0,0.0,3.0,1.0,1.0,24.7825,26.292272000000004,0.36,18.208925,1077.0,6258.0,7335.0
545.0,2012-06-28,3.0,1.0,6.0,0.0,4.0,1.0,1.0,27.210849000000003,28.583792000000006,0.4225,11.50055,921.0,5958.0,6879.0
,2012-06-29,3.0,1.0,6.0,0.0,5.0,1.0,1.0,31.205849,35.916458,0.48875,11.082939,829.0,4634.0,5463.0
547.0,2012-06-30,3.0,1.0,6.0,0.0,6.0,0.0,1.0,27.955,29.375528000000006,0.60125,10.791757,1455.0,4232.0,5687.0
548.0,2012-07-01,3.0,1.0,7.0,0.0,0.0,0.0,1.0,30.344151000000004,33.541514,0.51875,11.291443,1421.0,4110.0,5531.0
549.0,2012-07-02,3.0,1.0,7.0,0.0,1.0,1.0,1.0,28.738349,30.33450800000001,0.447083,13.082889,904.0,5323.0,6227.0
550.0,2012-07-03,3.0,1.0,7.0,0.0,2.0,1.0,1.0,28.699151,30.3749,0.492083,8.457878999999998,1052.0,5608.0,6660.0
551.0,2012-07-04,3.0,1.0,7.0,1.0,3.0,0.0,1.0,29.090849,32.334241999999996,0.53875,9.04165,2562.0,4841.0,7403.0
552.0,2012-07-05,3.0,1.0,7.0,0.0,4.0,1.0,1.0,30.8925,34.250221999999994,0.457917,12.999943,1405.0,4836.0,6241.0
553.0,2012-07-06,3.0,1.0,7.0,0.0,5.0,1.0,1.0,30.931651,33.667178,0.450833,9.791514,1366.0,4841.0,6207.0
554.0,2012-07-07,3.0,1.0,7.0,0.0,6.0,0.0,1.0,32.498349,37.124258000000005,0.492083,10.958117999999999,1448.0,3392.0,4840.0
555.0,2012-07-08,3.0,1.0,7.0,0.0,0.0,0.0,1.0,30.6575,36.166136,0.57375,8.417143,1203.0,3469.0,4672.0
556.0,,3.0,1.0,7.0,0.0,1.0,1.0,2.0,25.409151,27.167564000000002,0.683333,12.125325,,5571.0,6569.0
557.0,2012-07-10,3.0,1.0,7.0,0.0,2.0,1.0,2.0,25.879151,27.876535999999998,0.6675,10.166379,954.0,5336.0,6290.0
558.0,2012-07-11,3.0,1.0,7.0,0.0,3.0,1.0,1.0,25.683349,26.917886000000006,0.633333,10.166111,975.0,6289.0,7264.0
559.0,2012-07-12,3.0,1.0,7.0,0.0,4.0,1.0,1.0,25.644150999999994,27.209078,0.529583,9.833925,1032.0,6414.0,7446.0
560.0,2012-07-13,3.0,1.0,7.0,0.0,5.0,1.0,2.0,26.388349,28.083578000000006,0.485833,5.41695,1511.0,5988.0,7499.0
561.0,2012-07-14,3.0,1.0,7.0,0.0,6.0,0.0,2.0,25.056651,27.958772000000003,0.6991669999999999,9.626493,2355.0,4614.0,6969.0
562.0,2012-07-15,3.0,1.0,7.0,0.0,0.0,0.0,1.0,27.054151,30.542936000000005,0.717917,11.166689,1920.0,4111.0,6031.0
563.0,2012-07-16,3.0,1.0,7.0,0.0,1.0,1.0,1.0,27.876651000000006,31.792250000000006,0.645,11.000529,1088.0,5742.0,
564.0,2012-07-17,3.0,1.0,7.0,0.0,2.0,,1.0,30.461651,33.875078,0.505833,7.666742999999999,921.0,5865.0,6786.0
565.0,2012-07-18,3.0,1.0,7.0,0.0,3.0,1.0,1.0,29.286651000000003,33.208478,0.577083,,799.0,4914.0,5713.0
566.0,2012-07-19,3.0,1.0,7.0,0.0,4.0,1.0,1.0,28.19,31.166372000000006,0.600417,11.083743,888.0,5703.0,6591.0
567.0,2012-07-20,3.0,1.0,7.0,0.0,5.0,1.0,2.0,23.294151,24.459650000000003,0.8441670000000001,14.000789,747.0,5123.0,5870.0
568.0,2012-07-21,3.0,1.0,7.0,0.0,6.0,0.0,3.0,20.004151,20.294191999999995,0.8654170000000001,14.2911,1264.0,3195.0,4459.0
569.0,2012-07-22,3.0,1.0,7.0,0.0,0.0,0.0,2.0,23.3725,25.12625000000001,0.7625,6.2926936000000016,2544.0,4866.0,7410.0
570.0,2012-07-23,3.0,1.0,7.0,0.0,1.0,1.0,1.0,26.858349,29.541121999999998,0.6941669999999999,9.291761,1135.0,5831.0,6966.0
571.0,2012-07-24,3.0,1.0,7.0,0.0,2.0,1.0,1.0,27.289151,30.6257,0.655,14.167418,1140.0,6452.0,7592.0
572.0,2012-07-25,3.0,1.0,7.0,0.0,3.0,1.0,1.0,26.035849,27.167564000000002,0.45,11.0416,1383.0,6790.0,8173.0
573.0,2012-07-26,3.0,1.0,7.0,0.0,4.0,1.0,1.0,28.503349,32.791358,0.5966670000000001,19.082470999999998,1036.0,5825.0,6861.0
574.0,2012-07-27,3.0,1.0,7.0,0.0,5.0,1.0,1.0,28.738349,32.458321999999995,0.594583,10.250464,1259.0,5645.0,6904.0
575.0,2012-07-28,3.0,1.0,7.0,0.0,6.0,0.0,1.0,27.524151,30.041864,0.613333,10.54245,2234.0,4451.0,6685.0
576.0,2012-07-29,3.0,1.0,7.0,0.0,0.0,0.0,1.0,25.91834900000001,28.083578000000006,0.62375,11.416532,2153.0,4444.0,6597.0
577.0,2012-07-30,3.0,1.0,7.0,0.0,1.0,1.0,1.0,26.349151000000003,29.209142,0.66875,10.292339,1040.0,6065.0,7105.0
578.0,2012-07-31,3.0,1.0,7.0,0.0,2.0,1.0,1.0,25.526651,27.751136,0.7041669999999999,11.083475,968.0,6248.0,7216.0
579.0,2012-08-01,3.0,1.0,8.0,0.0,3.0,1.0,1.0,25.722500000000004,28.042328,0.6775,9.458993,1074.0,6506.0,7580.0
580.0,2012-08-02,3.0,1.0,8.0,0.0,4.0,1.0,1.0,27.3675,30.667808,0.659583,8.666718,983.0,6278.0,7261.0
581.0,2012-08-03,3.0,1.0,8.0,0.0,5.0,1.0,2.0,27.994151,31.709222000000004,0.6425,14.458064000000002,1328.0,5847.0,7175.0
582.0,2012-08-04,3.0,1.0,8.0,0.0,6.0,0.0,1.0,29.286651000000003,33.583622,0.613333,17.249685999999997,2345.0,4479.0,6824.0
583.0,2012-08-05,3.0,1.0,8.0,0.0,0.0,0.0,1.0,28.150848999999997,32.251214000000004,0.6525,19.458207,1707.0,3757.0,5464.0
584.0,2012-08-06,3.0,1.0,8.0,0.0,1.0,1.0,2.0,27.3675,30.87623600000001,0.654167,8.666718,1233.0,5780.0,7013.0
585.0,2012-08-07,3.0,1.0,8.0,0.0,2.0,1.0,2.0,26.584151000000002,30.04298600000001,0.70375,7.832835999999999,1278.0,5995.0,7273.0
586.0,2012-08-08,3.0,1.0,8.0,0.0,3.0,1.0,2.0,27.25,30.709321999999997,0.6729169999999999,7.4169,1263.0,6271.0,7534.0
587.0,2012-08-09,3.0,1.0,8.0,0.0,4.0,1.0,1.0,27.524151,30.167528000000004,0.620417,10.4587,1196.0,6090.0,7286.0
588.0,2012-08-10,3.0,1.0,8.0,0.0,5.0,1.0,2.0,25.644150999999994,28.084172,0.7158329999999999,16.000470999999997,1065.0,4721.0,5786.0
589.0,2012-08-11,3.0,1.0,8.0,0.0,6.0,0.0,2.0,24.5475,26.125622,0.732917,13.834093,2247.0,4052.0,6299.0
590.0,2012-08-12,3.0,1.0,8.0,0.0,0.0,0.0,1.0,24.939151000000006,26.542214,0.530417,8.208304,2182.0,4362.0,6544.0
591.0,2012-08-13,3.0,1.0,8.0,0.0,1.0,1.0,1.0,25.879151,27.708764,0.545417,9.126204,1207.0,5676.0,6883.0
592.0,2012-08-14,3.0,1.0,8.0,0.0,2.0,1.0,1.0,26.153349,28.667414,0.686667,11.333586,1128.0,5656.0,6784.0
593.0,2012-08-15,,1.0,8.0,0.0,3.0,1.0,1.0,25.213348999999997,27.166442,0.619583,11.374657,1198.0,6149.0,7347.0
594.0,2012-08-16,3.0,1.0,8.0,0.0,4.0,1.0,1.0,25.800849,27.209408000000003,0.519167,9.500332,1338.0,6267.0,7605.0
595.0,2012-08-17,3.0,1.0,8.0,0.0,5.0,1.0,1.0,25.996651,-0.0015999999999998238,0.570833,15.500717999999999,1483.0,5665.0,7148.0
596.0,2012-08-18,3.0,1.0,8.0,0.0,6.0,0.0,1.0,23.881651,24.792686000000003,0.603333,11.917089,2827.0,5038.0,7865.0
597.0,2012-08-19,3.0,1.0,8.0,0.0,0.0,0.0,2.0,21.884151,23.834564,0.711667,5.79215,1208.0,3341.0,4549.0
598.0,2012-08-20,3.0,1.0,8.0,0.0,1.0,1.0,2.0,21.884151,23.333822000000005,0.734167,8.708592999999999,1026.0,5504.0,6530.0
599.0,2012-08-21,3.0,1.0,8.0,0.0,2.0,1.0,1.0,22.510849000000004,23.66765,0.67375,4.875643600000001,1081.0,5925.0,7006.0
600.0,2012-08-22,3.0,1.0,8.0,0.0,3.0,1.0,1.0,23.3725,25.042364000000003,0.677083,4.708981100000001,1094.0,6281.0,7375.0
601.0,2012-08-23,3.0,1.0,8.0,0.0,4.0,1.0,1.0,24.704151000000003,26.042528000000004,0.635833,5.667918600000001,1363.0,6402.0,7765.0
602.0,2012-08-24,,1.0,8.0,0.0,5.0,1.0,2.0,25.0175,26.708600000000004,0.615,4.833768600000001,1325.0,6257.0,7582.0
603.0,2012-08-25,3.0,1.0,8.0,0.0,6.0,0.0,2.0,23.098349,24.833935999999998,0.712917,16.375335999999997,1829.0,4224.0,6053.0
604.0,2012-08-26,3.0,1.0,8.0,0.0,0.0,0.0,2.0,22.706651,23.335736,0.845833,15.333485999999999,1483.0,3772.0,5255.0
605.0,2012-08-27,3.0,1.0,8.0,0.0,1.0,1.0,1.0,25.056651,27.209408000000003,0.7304169999999999,8.625110999999999,989.0,5928.0,6917.0
606.0,2012-08-28,3.0,1.0,8.0,0.0,2.0,1.0,1.0,26.231651,27.9593,0.62,12.791975,935.0,6105.0,7040.0
607.0,2012-08-29,3.0,1.0,8.0,0.0,3.0,1.0,1.0,24.195,25.958378,0.552083,7.5416539999999985,1177.0,6520.0,7697.0
608.0,2012-08-30,3.0,1.0,8.0,0.0,4.0,1.0,1.0,25.213348999999997,27.083414,0.590417,5.166818900000001,1172.0,6541.0,7713.0
609.0,2012-08-31,3.0,1.0,8.0,0.0,5.0,1.0,1.0,27.915848999999998,29.5004,0.5875,11.291711,1433.0,5917.0,7350.0
610.0,2012-09-01,3.0,1.0,9.0,0.0,6.0,0.0,2.0,27.406651000000004,30.375164,0.638333,7.583528999999999,2352.0,3788.0,6140.0
611.0,2012-09-02,3.0,1.0,,0.0,0.0,0.0,2.0,24.743349,26.834000000000003,0.815,4.2927436000000005,2613.0,3197.0,5810.0
612.0,,3.0,1.0,9.0,1.0,1.0,0.0,1.0,25.2525,27.667514000000004,0.7908329999999999,10.125107,1965.0,4069.0,6034.0
613.0,2012-09-04,3.0,1.0,9.0,0.0,2.0,1.0,1.0,26.114151,29.334608000000006,0.755,15.833507,867.0,5997.0,6864.0
614.0,2012-09-05,3.0,1.0,9.0,0.0,3.0,1.0,1.0,26.623349,30.792878,0.74125,12.583136,832.0,6280.0,7112.0
615.0,2012-09-06,3.0,,9.0,0.0,4.0,1.0,2.0,24.743349,27.25171400000001,0.810417,9.542207000000001,611.0,5592.0,6203.0
616.0,2012-09-07,3.0,1.0,9.0,0.0,5.0,1.0,1.0,25.056651,27.375464,0.73625,11.500282,1045.0,6459.0,7504.0
617.0,2012-09-08,3.0,1.0,9.0,0.0,6.0,0.0,2.0,22.980849000000006,24.333986000000003,0.799167,18.833968,1557.0,4419.0,5976.0
618.0,2012-09-09,3.0,1.0,9.0,0.0,0.0,0.0,1.0,20.67,22.209050000000005,0.5475,15.041232,2570.0,5657.0,8227.0
619.0,2012-09-10,3.0,1.0,9.0,0.0,1.0,1.0,1.0,19.416651,21.333164,0.50375,17.333771000000002,1118.0,6407.0,7525.0
620.0,2012-09-11,3.0,1.0,9.0,0.0,2.0,1.0,1.0,19.1425,20.583272,0.52,6.1676313999999985,1070.0,6697.0,7767.0
621.0,2012-09-12,3.0,1.0,9.0,0.0,3.0,1.0,1.0,20.160849,21.62495,0.577083,8.833682000000001,1050.0,6820.0,7870.0
622.0,2012-09-13,3.0,1.0,9.0,0.0,4.0,1.0,1.0,20.7875,22.250828,0.637083,5.542293600000002,1054.0,6750.0,7804.0
623.0,2012-09-14,3.0,1.0,9.0,0.0,5.0,1.0,1.0,21.766651000000003,23.209478000000004,0.6725,6.958821,1379.0,6630.0,8009.0
624.0,2012-09-15,3.0,1.0,9.0,0.0,6.0,0.0,1.0,20.591651000000002,22.667222,0.501667,16.583907,3160.0,5554.0,8714.0
625.0,2012-09-16,3.0,1.0,9.0,0.0,0.0,0.0,1.0,19.26,21.16625,0.57,6.042281099999999,2166.0,5167.0,7333.0
626.0,2012-09-17,3.0,1.0,9.0,0.0,1.0,1.0,2.0,19.299151,20.5013,0.734583,10.166714,1022.0,5847.0,6869.0
627.0,2012-09-18,3.0,1.0,9.0,0.0,2.0,1.0,2.0,21.296651,21.294422,0.8725,23.958329,371.0,,4073.0
628.0,2012-09-19,3.0,1.0,9.0,0.0,3.0,1.0,1.0,17.9675,19.666664,0.536667,14.416725,788.0,6803.0,7591.0
629.0,2012-09-20,3.0,1.0,9.0,0.0,4.0,1.0,1.0,17.693348999999998,19.124672,0.618333,7.917189,939.0,6781.0,7720.0
630.0,2012-09-21,3.0,1.0,9.0,0.0,,1.0,1.0,20.160849,21.750086000000003,0.66875,10.333343,1250.0,6917.0,8167.0
631.0,2012-09-22,3.0,1.0,9.0,0.0,6.0,0.0,1.0,22.55,24.292208,0.6466670000000001,19.000061,2512.0,5883.0,8395.0
632.0,2012-09-23,4.0,1.0,9.0,0.0,0.0,0.0,1.0,16.870849000000003,18.249578,0.4670829999999999,14.958286,2454.0,5453.0,7907.0
633.0,2012-09-24,4.0,1.0,9.0,0.0,1.0,1.0,1.0,16.165848999999998,17.165858,0.492917,9.541068,1001.0,6435.0,7436.0
634.0,2012-09-25,4.0,1.0,9.0,0.0,2.0,1.0,1.0,17.85,19.915814,0.57,15.833507,845.0,6693.0,7538.0
635.0,2012-09-26,4.0,1.0,9.0,0.0,3.0,1.0,1.0,21.845,23.37645800000001,0.630833,16.3748,787.0,6946.0,7733.0
636.0,2012-09-27,4.0,1.0,9.0,0.0,4.0,1.0,2.0,22.55,24.12635,0.690833,9.000914000000002,751.0,6642.0,7393.0
637.0,2012-09-28,4.0,1.0,9.0,0.0,5.0,1.0,2.0,21.100849,22.666957999999997,0.69,10.999993,1045.0,6370.0,7415.0
638.0,2012-09-29,4.0,1.0,9.0,0.0,6.0,,1.0,17.4975,18.999536,0.542917,15.249467999999998,2589.0,5966.0,8555.0
639.0,2012-09-30,4.0,1.0,9.0,0.0,0.0,0.0,1.0,16.753349,18.165758,0.583333,9.042186000000001,2015.0,4874.0,6889.0
640.0,2012-10-01,4.0,1.0,10.0,0.0,1.0,1.0,2.0,16.479150999999998,17.792,0.649167,6.083881399999999,763.0,6015.0,6778.0
641.0,2012-10-02,4.0,1.0,10.0,0.0,2.0,1.0,3.0,19.769151,19.793978,0.871667,6.999825,315.0,4324.0,4639.0
642.0,2012-10-03,4.0,1.0,10.0,0.0,3.0,1.0,2.0,22.9025,23.542778,0.79375,4.4585685999999995,728.0,6844.0,
,2012-10-04,4.0,1.0,10.0,0.0,4.0,1.0,2.0,22.9025,24.12635,0.722917,7.8755820000000005,891.0,6437.0,7328.0
644.0,2012-10-05,4.0,1.0,10.0,0.0,5.0,1.0,1.0,20.905,22.292342,0.6275,7.12545,1516.0,6640.0,8156.0
645.0,2012-10-06,4.0,1.0,10.0,0.0,6.0,0.0,1.0,18.045849,19.542385999999997,0.664167,17.957675000000005,3031.0,4934.0,7965.0
646.0,2012-10-07,4.0,1.0,10.0,0.0,0.0,0.0,2.0,11.544151,11.707658,0.708333,9.457854,781.0,2729.0,3510.0
647.0,2012-10-08,,1.0,10.0,1.0,1.0,0.0,2.0,10.016651,9.582127999999999,0.709583,12.708493,874.0,4604.0,5478.0
648.0,2012-10-09,4.0,1.0,10.0,0.0,2.0,1.0,2.0,12.993348999999998,12.915392,0.7616669999999999,12.7501,601.0,5791.0,6392.0
649.0,2012-10-10,4.0,1.0,10.0,0.0,3.0,1.0,1.0,16.165848999999998,17.207372,0.630833,12.584007,780.0,6911.0,7691.0
650.0,2012-10-11,4.0,1.0,10.0,0.0,,1.0,1.0,12.445,12.457022000000002,0.463333,12.166932,834.0,6736.0,7570.0
651.0,2012-10-12,4.0,1.0,10.0,0.0,5.0,1.0,1.0,12.5625,12.582686,0.539167,15.751164000000001,1060.0,6222.0,7282.0
652.0,2012-10-13,4.0,1.0,10.0,0.0,6.0,0.0,1.0,10.486650999999998,9.832136000000002,0.494583,9.791514,2252.0,4857.0,7109.0
653.0,2012-10-14,4.0,1.0,10.0,0.0,0.0,0.0,1.0,16.518349,17.541463999999998,0.640417,18.667004000000002,2080.0,4559.0,6639.0
654.0,2012-10-15,4.0,1.0,10.0,0.0,1.0,1.0,2.0,18.398349,19.5839,0.7075,19.834479,760.0,5115.0,5875.0
655.0,2012-10-16,4.0,1.0,10.0,0.0,2.0,1.0,1.0,14.011651,14.415836,0.558333,12.208807,922.0,6612.0,7534.0
656.0,2012-10-17,4.0,1.0,10.0,0.0,3.0,1.0,1.0,13.424150999999998,13.707127999999999,0.692917,6.791857,979.0,6482.0,7461.0
657.0,2012-10-18,4.0,1.0,10.0,0.0,4.0,1.0,2.0,16.557499999999994,17.83325,0.7283329999999999,15.874778999999998,1008.0,6501.0,7509.0
658.0,2012-10-19,4.0,1.0,10.0,0.0,5.0,1.0,2.0,18.476651,19.501136,0.815,9.041918,753.0,4671.0,5424.0
659.0,2012-10-20,4.0,1.0,10.0,0.0,6.0,0.0,1.0,,15.207572,0.572917,7.874978999999999,2806.0,5284.0,8090.0
660.0,2012-10-21,4.0,1.0,10.0,0.0,0.0,0.0,1.0,13.815848999999998,14.124313999999998,0.51,11.125618,2132.0,4692.0,6824.0
661.0,2012-10-22,4.0,1.0,10.0,0.0,1.0,1.0,1.0,14.912499999999998,15.874171999999998,0.568333,5.459381100000001,830.0,6228.0,7058.0
662.0,2012-10-23,4.0,1.0,10.0,0.0,2.0,1.0,1.0,17.575848999999998,19.000064,0.6416669999999999,6.334568600000001,841.0,6625.0,7466.0
663.0,2012-10-24,4.0,1.0,10.0,0.0,3.0,1.0,1.0,19.6125,20.875586,0.63625,4.876206399999999,795.0,6898.0,7693.0
664.0,,4.0,1.0,10.0,0.0,4.0,1.0,2.0,17.85,18.959408000000003,0.800417,8.333125,875.0,6484.0,7359.0
665.0,2012-10-26,4.0,1.0,10.0,0.0,5.0,1.0,2.0,17.654151000000002,18.5015,0.807083,8.875289,1182.0,6262.0,7444.0
666.0,2012-10-27,4.0,1.0,10.0,0.0,6.0,0.0,2.0,16.91,17.998777999999994,0.72,15.791364000000002,2643.0,5209.0,7852.0
667.0,2012-10-28,4.0,1.0,10.0,0.0,0.0,0.0,2.0,14.4425,14.872886,0.694583,26.666536,998.0,3461.0,4459.0
668.0,2012-10-29,4.0,1.0,10.0,0.0,1.0,1.0,,12.68,13.0004,0.88,23.9994,2.0,20.0,22.0
669.0,2012-10-30,4.0,1.0,10.0,0.0,2.0,1.0,2.0,6.954554000000003,4.453993999999998,0.8254549999999999,14.271603,87.0,1009.0,1096.0
670.0,2012-10-31,4.0,1.0,10.0,0.0,3.0,1.0,2.0,8.802499999999998,7.8325999999999985,0.666667,11.166689,419.0,5147.0,5566.0
671.0,2012-11-01,4.0,1.0,11.0,0.0,4.0,1.0,2.0,9.194151000000002,8.416172,0.581667,10.542182,466.0,5520.0,5986.0
672.0,2012-11-02,4.0,1.0,11.0,0.0,5.0,1.0,1.0,8.684999999999999,7.498772000000002,0.522083,17.833725,618.0,5229.0,5847.0
673.0,2012-11-03,4.0,1.0,11.0,0.0,6.0,0.0,2.0,8.136650999999999,5.373836000000002,0.49125,18.125443,1029.0,4109.0,5138.0
674.0,2012-11-04,4.0,1.0,11.0,0.0,0.0,0.0,1.0,7.314150999999999,5.749507999999999,0.532917,12.000236,1201.0,3906.0,5107.0
675.0,2012-11-05,4.0,1.0,11.0,0.0,1.0,1.0,1.0,7.000849000000002,4.33295,0.4941670000000001,15.833775,378.0,4881.0,5259.0
676.0,2012-11-06,4.0,1.0,11.0,0.0,2.0,1.0,1.0,5.1991510000000005,2.5834220000000023,0.567083,11.625371000000001,466.0,5220.0,5686.0
677.0,2012-11-07,4.0,1.0,11.0,0.0,3.0,1.0,2.0,5.9041510000000015,2.1249860000000003,0.5475,20.375235999999997,326.0,4709.0,5035.0
678.0,2012-11-08,4.0,1.0,11.0,0.0,4.0,1.0,1.0,8.552177999999998,6.564806000000001,0.333478,23.304945,340.0,4975.0,5315.0
679.0,2012-11-09,4.0,1.0,11.0,0.0,5.0,1.0,1.0,8.998349000000003,7.457258000000002,0.540833,14.375385999999999,709.0,5283.0,5992.0
680.0,2012-11-10,4.0,1.0,11.0,0.0,6.0,0.0,1.0,10.290848999999998,9.999841999999996,0.645417,3.875668600000001,2090.0,4446.0,6536.0
681.0,2012-11-11,4.0,1.0,11.0,0.0,0.0,0.0,1.0,11.779151,11.833058,0.6591670000000001,8.5425,2290.0,4562.0,6852.0
682.0,2012-11-12,4.0,1.0,11.0,1.0,1.0,0.0,1.0,14.794999999999998,15.375278000000002,0.741667,11.625639,1097.0,5172.0,6269.0
683.0,2012-11-13,4.0,1.0,11.0,0.0,2.0,1.0,2.0,8.136650999999999,5.3328500000000005,0.6629169999999999,22.917082,327.0,3767.0,4094.0
684.0,2012-11-14,4.0,1.0,11.0,0.0,3.0,1.0,1.0,5.5908489999999995,2.583158000000001,0.552083,13.374875,373.0,5122.0,5495.0
685.0,2012-11-15,4.0,1.0,11.0,0.0,4.0,1.0,2.0,7.118348999999999,5.416471999999999,0.620417,10.250129,320.0,5125.0,5445.0
,2012-11-16,4.0,1.0,11.0,0.0,5.0,1.0,1.0,8.215,6.915464,0.524583,11.458675,484.0,5214.0,5698.0
687.0,2012-11-17,4.0,1.0,11.0,0.0,6.0,0.0,1.0,7.275,5.5412779999999975,0.545417,12.041843,1313.0,4316.0,5629.0
688.0,2012-11-18,4.0,1.0,11.0,0.0,0.0,0.0,1.0,8.0975,6.291235999999998,0.692917,15.250004,922.0,3747.0,4669.0
689.0,2012-11-19,4.0,1.0,11.0,0.0,1.0,1.0,2.0,9.899151,8.790986,0.623333,15.749489,449.0,5050.0,5499.0
690.0,2012-11-20,4.0,1.0,11.0,0.0,2.0,1.0,2.0,9.585849000000001,,0.685,5.542575,534.0,5100.0,5634.0
691.0,2012-11-21,4.0,1.0,11.0,0.0,3.0,1.0,1.0,8.606651,8.082871999999998,0.61375,6.9174820000000015,615.0,4531.0,5146.0
692.0,2012-11-22,4.0,1.0,11.0,1.0,4.0,0.0,1.0,7.98,7.124485999999997,0.580417,3.5423436000000006,955.0,1470.0,2425.0
693.0,2012-11-23,4.0,1.0,11.0,0.0,5.0,1.0,1.0,9.311650999999998,,0.56875,9.917407,1603.0,2307.0,3910.0
694.0,2012-11-24,4.0,1.0,11.0,0.0,6.0,,1.0,5.081650999999999,0.4169720000000012,0.4045829999999999,25.250357,532.0,1745.0,2277.0
695.0,2012-11-25,4.0,1.0,11.0,0.0,0.0,0.0,1.0,3.5541509999999987,1.000478000000001,0.468333,10.0835,309.0,2115.0,2424.0
696.0,2012-11-26,4.0,1.0,11.0,0.0,1.0,1.0,1.0,6.726650999999999,6.3742639999999975,0.535417,3.12555,337.0,4750.0,5087.0
697.0,2012-11-27,4.0,1.0,11.0,0.0,2.0,1.0,2.0,5.708349,2.5828279999999992,0.786667,15.916654000000001,123.0,3836.0,3959.0
698.0,2012-11-28,4.0,1.0,11.0,0.0,3.0,1.0,1.0,5.943349000000001,3.124291999999997,0.50625,14.125007,198.0,5062.0,5260.0
699.0,2012-11-29,4.0,1.0,11.0,0.0,4.0,1.0,1.0,5.200890000000001,3.695851999999999,0.555652,7.739974,243.0,5080.0,5323.0
700.0,2012-11-30,4.0,1.0,11.0,0.0,5.0,1.0,1.0,6.021651,5.375222000000001,0.6495830000000001,3.917543600000001,362.0,5306.0,5668.0
701.0,2012-12-01,4.0,1.0,12.0,0.0,6.0,0.0,2.0,6.021651,4.915664,,4.0001814,951.0,4240.0,5191.0
702.0,2012-12-02,4.0,1.0,12.0,0.0,0.0,0.0,2.0,8.3325,7.707727999999999,0.823333,8.333393,892.0,3757.0,4649.0
703.0,2012-12-03,4.0,1.0,12.0,0.0,1.0,1.0,1.0,13.267500000000002,14.082535999999998,0.7675,5.542293600000002,555.0,5679.0,6234.0
704.0,2012-12-04,4.0,1.0,12.0,0.0,2.0,1.0,1.0,14.364151000000001,14.957563999999998,0.73375,11.666642999999999,551.0,6055.0,6606.0
705.0,2012-12-05,4.0,1.0,12.0,0.0,3.0,1.0,1.0,12.601650999999999,12.248792000000002,0.485,21.709407000000002,331.0,5398.0,5729.0
706.0,2012-12-06,4.0,1.0,12.0,0.0,4.0,1.0,1.0,4.024151,1.0414639999999975,0.50875,11.708518,340.0,5035.0,5375.0
707.0,2012-12-07,4.0,1.0,12.0,0.0,5.0,1.0,2.0,7.079151,5.249227999999999,0.764167,8.7502,349.0,4659.0,5008.0
708.0,2012-12-08,4.0,1.0,12.0,0.0,6.0,0.0,2.0,9.938349000000002,9.707527999999996,0.91125,6.792393,1153.0,4429.0,5582.0
709.0,2012-12-09,4.0,1.0,12.0,0.0,0.0,0.0,2.0,10.055848999999998,9.749636,0.905417,10.584325,441.0,2787.0,3228.0
710.0,2012-12-10,4.0,1.0,12.0,0.0,1.0,1.0,2.0,12.484150999999995,12.74795,0.925,12.750636,329.0,4841.0,5170.0
711.0,2012-12-11,4.0,1.0,12.0,0.0,2.0,1.0,2.0,8.606651,6.331958,0.5966670000000001,19.834479,282.0,5219.0,
712.0,2012-12-12,4.0,1.0,12.0,0.0,3.0,1.0,2.0,5.9825,3.6243079999999988,0.538333,10.916779,310.0,5009.0,5319.0
713.0,2012-12-13,4.0,1.0,12.0,0.0,4.0,1.0,1.0,5.9041510000000015,3.416408000000001,0.485833,11.666642999999999,425.0,5107.0,5532.0
714.0,2012-12-14,4.0,1.0,12.0,0.0,5.0,1.0,1.0,5.238349,3.416672000000002,0.642917,8.792342999999999,,5182.0,5611.0
715.0,2012-12-15,4.0,1.0,12.0,0.0,6.0,0.0,1.0,7.235849000000001,6.333278,0.650417,7.12545,767.0,4280.0,5047.0
716.0,2012-12-16,4.0,1.0,12.0,0.0,0.0,0.0,2.0,,8.415907999999998,0.83875,6.749714,538.0,3248.0,3786.0
717.0,2012-12-17,4.0,1.0,12.0,0.0,1.0,1.0,2.0,10.486650999999998,10.499000000000002,0.907083,6.5833061000000015,212.0,4373.0,4585.0
718.0,2012-12-18,4.0,1.0,12.0,0.0,2.0,1.0,1.0,11.309151,11.040728,0.66625,14.834067999999998,433.0,5124.0,5557.0
719.0,2012-12-19,4.0,1.0,12.0,0.0,3.0,1.0,1.0,7.627500000000001,6.582691999999998,0.625417,12.334164,333.0,4934.0,5267.0
720.0,2012-12-20,4.0,1.0,12.0,0.0,4.0,1.0,2.0,7.5100000000000025,6.1243219999999985,0.6679169999999999,8.875021,314.0,3814.0,4128.0
721.0,2012-12-21,1.0,1.0,12.0,0.0,5.0,1.0,2.0,7.353349000000001,3.916622,0.556667,25.083661,221.0,3402.0,3623.0
722.0,2012-12-22,1.0,1.0,12.0,0.0,6.0,0.0,1.0,4.494150999999999,-0.41654199999999975,0.44125,27.292182,205.0,1544.0,1749.0
723.0,2012-12-23,1.0,1.0,12.0,0.0,0.0,0.0,1.0,3.5541509999999987,1.1250859999999996,0.515417,8.916560999999998,408.0,1379.0,1787.0
724.0,2012-12-24,1.0,1.0,,0.0,1.0,1.0,2.0,2.8712880000000003,1.0874000000000024,0.7913039999999999,5.1744368,174.0,746.0,920.0
725.0,2012-12-25,1.0,1.0,12.0,1.0,2.0,0.0,2.0,5.691288,3.434690000000004,0.7347829999999999,11.304642,440.0,573.0,1013.0
726.0,2012-12-26,1.0,1.0,12.0,0.0,3.0,1.0,3.0,3.4366509999999995,-1.4580219999999997,0.823333,21.208582,9.0,432.0,441.0
727.0,2012-12-27,1.0,1.0,12.0,0.0,4.0,1.0,2.0,3.9458490000000013,-1.041627999999999,0.652917,23.458911,247.0,1867.0,2114.0
728.0,2012-12-28,1.0,1.0,12.0,0.0,5.0,1.0,2.0,3.9066509999999983,0.8330359999999999,0.59,10.416557000000001,644.0,2451.0,3095.0
729.0,2012-12-29,1.0,1.0,12.0,0.0,6.0,0.0,2.0,3.9066509999999983,-0.0015999999999998238,0.7529170000000001,8.333661,159.0,1182.0,1341.0
730.0,2012-12-30,1.0,1.0,12.0,0.0,0.0,0.0,1.0,4.024151,-0.7078000000000007,0.483333,23.500518,364.0,1432.0,1796.0
731.0,2012-12-31,1.0,1.0,12.0,0.0,1.0,1.0,2.0,2.144150999999999,-1.2498579999999997,0.5775,10.374682,439.0,2290.0,2729.0
