Country Name,Country Code,Lifeexpectancy,Agriculturaland,Children_out_of_school_primary ,Fertility_rate,GDP,GDP_per_capita,High-technology_exports,Household_final_consumption,Individuals_using_the_Internet,Labor_force,Population
Afghanistan,AFG,63.29819512,379100,,4.802,19215562179,569.5779229,15363474,16202253853,8.26,10087656,33736494
Albania,ALB,78.20314634,11743,,1.714,11335264967,3934.895394,15123662,9129271284,63.2529327,1333025,2880703
Algeria,DZA,75.85529268,414564,40114,2.839,165874330876,4160.220067,2449466,68068894198,38.2,11798754,39871528
American Samoa,ASM,,49,,,659000000,11865.96323,13343455,442000000,,,55537
Andorra,AND,,188.1,,,2811489409,36038.2676,23132434,,96.91,,78014
Angola,AGO,61.18934146,591900,,5.766,102962245247,3695.793748,232434,78465660063,12.4,11464497,27859305
Antigua and Barbuda,ATG,76.07563415,90,1012,2.063,1364863037,13659.14791,578212,,70,,99923
Arab World,ARB,71.02843854,4796187.1,,3.373839686,2563301730345,6435.525509,21792345,1403996252434,39.86746329,129331522,398304960
Argentina,ARG,76.29302439,1487000,,2.308,584711485367,13467.10236,1442450760,382707351815,68.04306411,19486807,43417765
Armenia,ARM,74.20619512,16764.3,5250,1.622,10553337673,3617.935746,11067794,8240058395,59.10237771,1398281,2916950
Aruba,ABW,75.59434146,20,,1.801,,,1194859,,88.66122693,,104341
Australia,AUS,82.45121951,3659130,59470,1.833,1345383143356,56408.34043,4237456601,761005907313,84.56051935,12559926,23789338
Austria,AUT,81.84390244,27184.5,,1.47,382065930308,44255.58336,15947437007,201101400545,83.94014193,4455936,8633169
Azerbaijan,AZE,71.84519512,47698,29661,1.97,53074370486,5500.310382,9446115,30087936756,77,4873401,9649341
Bahamas. The,BHS,75.36878049,140,,1.778,11240000000,29056.09066,,7404400000,78,232361,386838
Bahrain,BHR,76.86519512,86,2139,2.056,31125851064,22688.87824,23467871,14023936170,93.47830114,777902,1371855
Bangladesh,BGD,72.22160976,91942.1,,2.133,195078665828,1210.158769,90773161,141309707202,14.4,64315877,161200886
Barbados,BRB,75.63790244,140,,1.796,4584150000,16129.04928,26483703,3753300000,76.11,150499,284217
Belarus,BLR,73.62439024,85820,16599,1.724,56454734397,5949.106307,560689500,29851764410,67.3,5113980,9489616
Belgium,BEL,81.28780488,13280,5508,1.74,455200045096,40375.38864,38855955864,232779918937,85.0529,5000922,11274196
Belize,BLZ,70.31097561,1600,359,2.544,1742545900,4849.997495,,1234867600,41.59,161219,359288
Benin,BEN,60.58468293,37500,,5.048,8290986804,783.947091,1523076,5686706980,11.25498791,4264500,10575952
Bermuda,BMU,81.01219512,3,,1.62,,,1013119,,98.32360965,,65235
Bhutan,BTN,69.80712195,5256,,2.086,2059258653,2615.31022,,1169004833,39.8,380653,787386
Bolivia,BOL,68.74980488,377045,139990,2.921,33000198263,3077.026199,24935819,22578642547,35.56227065,4857556,10724705
Bosnia and Herzegovina,BIH,76.64029268,21830,,1.345,16209702864,4584.242548,96042566,13131044514,65.0655028,1413556,3535961
Botswana,BWA,65.75109756,260010,,2.774,14430573505,6532.044677,35802081,7516653476,37.31205037,1077380,2209197
Brazil,BRA,75.19912195,2825890,771982,1.74,1803652649614,8757.206202,8848309553,1151515524963,58.32795173,102302157,205962108
British Virgin Islands,VGB,,70,,,,,,,,,30113
Brunei Darussalam,BRN,77.0667561,144,,1.884,12930394938,30967.89051,75036399,2558004218,71.2,215384,417542
Bulgaria,BGR,74.46585366,50119,13634,1.53,50199117547,6993.47736,1107680340,31390851281,56.6563,3344323,7177991
Burkina Faso,BFA,59.84465854,121000,933180,5.436,10419303761,575.3144542,5393895,6535034690,11.38764617,6571540,18110624
Burundi,BDI,57.06934146,20320,90196,5.781,3066681387,300.6765569,762143,2631894044,4.866224464,4424037,10199270
Cabo Verde,CPV,72.43517073,790,1630,2.374,1574288668,2954.119467,,,47.96162392,219928,532913
Cambodia,KHM,68.47204878,54550,94789,2.594,18049954289,1163.18977,60108587,13863294021,19,8968407,15517635
Cameroon,CMR,57.5575122,97500,182442,4.778,30916218544,1353.92449,13383768,21850670260,20.68014766,9910729,22834522
Canada,CAN,82.12902439,626562,,1.6,1552807652015,43335.15911,26318082109,894175499713,88.47,19742279,35848610
Caribbean small states,CSS,73.04810113,25228,,2.050818021,69516216247,9648.39944,,47542185229,50.84963316,3369705,7204948
Cayman Islands,CYM,,27,,,,,,,77,,59963
Central African Republic,CAF,51.37785366,50800,,4.94,1583776760,348.381417,,1589611320,3.8,1833445,4546100
Central Europe and the Baltics,CEB,77.0269071,527378.3,,1.434829722,1285572776919,12450.13342,63594000223,722068716305,67.20136837,49536667,103257751
Chad,TCD,52.55395122,499350,,06.05,10888798114,777.2487051,,8025615781,3.5,5232399,14009413
Channel Islands,CHI,80.88526829,92,,1.472,,,,,,80690,163758
Chile,CHL,79.16068293,157850,81931,1.785,242517905162,13653.2264,550580282,154206309712,64.289,8755278,17762681
China,CHN,76.11709756,5278330,,1.617,11064666282626,8069.213024,549799008829,4271057368125,50.3,787109802,1371220000
Colombia,COL,74.15619512,446656,269465,1.874,291519596339,6044.525655,793475743,183029105412,55.90497251,25773900,48228697
Comoros,COM,63.46068293,1330,,4.42,565689764.6,727.6463868,,,7.459161386,199300,777424
Congo. Dem. Rep.,COD,59.17321951,262000,,6.202,36188521107,474.9360481,,27198272106,3.799999507,29613257,76196619
Congo. Rep.,COG,64.09073171,106270,,4.721,8553154580,1712.121146,,5823408423,7.615974662,2007084,4995648
Costa Rica,CRI,79.60890244,18110,14579,1.8,54840103850,11406.36273,861602448,35171170899,59.76295014,2322230,4807852
Cote d'Ivoire,CIV,53.0782439,206000,746776,4.976,33145096414,1434.326615,37577573,21373403248,21.88520842,7663653,23108472
Croatia,HRV,77.27560976,15376,2710,1.46,48921877448,11638.07948,762004793,28577520406,69.8031,1893632,4203604
Cuba,CUB,79.54370732,62403,59225,1.72,87132800000,7602.261218,,48553900000,37.30509742,5247121,11461432
Curacao,CUW,,,,1.9,,,,,,,157979
Cyprus,CYP,80.29104878,1272,1176,1.35,19676167240,23212.2247,26759530,13671287568,71.7159,604353,1160985
Czech Republic,CZE,79.47317073,42130,,1.53,186829940546,17715.61685,20792031147,87491315616,75.6688387,5336203,10546059
Denmark,DNK,81.1,26110,6152,1.69,301298464861,53012.99658,9375393736,141994831967,96.3305,2931379,5683483
Djibouti,DJI,62.24982927,17020,40493,2.913,1727000000,1862.167274,,,11.92243143,371858,927414
Dominica,DMA,,250,,,535095846.3,7313.849352,,,65,,73162
Dominican Republic,DOM,73.70368293,23520,142122,2.451,68102618092,6468.471648,185791798,47797820202,54.21576634,4918059,10528394
Early-demographic dividend,EAR,69.52779013,13740962.6,,2.569395285,10194968540648,3259.700021,,6330352165777,30.18655276,1260999510,3127290269
East Asia & Pacific,EAS,75.25604166,11617906,,1.806329816,21766948384667,9533.912326,,10197792857722,49.78792365,1249779956,2281203360
East Asia & Pacific (excluding high income),EAP,74.34183078,7774571,,1.847075115,13268242307662,6509.110864,,5560571720591,45.21010263,1120910489,2036552598
East Asia & Pacific (IDA & IBRD countries),TEA,74.38078,7748272,,1.846137466,13242748064718,6578.179407,,5549780749734,45.21010263,1104875036,2011274432
Ecuador,ECU,76.0815122,57884,37431,2.514,99290381000,6150.155955,97006477,60991910000,48.94043379,7627622,16144368
Egypt. Arab Rep.,EGY,71.29565854,38201.5,,3.311,332698041031,3547.713012,88390406,274242073594,37.81938343,30077689,93778172
El Salvador,SLV,73.00309756,16020,53504,2.101,26052340000,4127.11775,183144061,23488950000,26.80260496,2779517,6312478
Equatorial Guinea,GNQ,57.50839024,2840,50998,4.775,12597210658,10717.48218,,5262300501,21.31999999,438149,1175389
Eritrea,ERI,64.62439024,75920,443490,4.208,,,,,1.083733116,,
Estonia,EST,77.13170732,9936,4091,1.54,22566956982,17155.87418,1042341818,11718260950,88.4118116,686174,1315407
Ethiopia,ETH,65.00829268,362590,2193785,4.317,64464547915,645.4650067,11843145,45927403189,11.6,48172064,99873033
Euro area,EMU,82.07022116,1174297.5,,1.562154232,11661892507640,34351.60893,494228409327,6381862698832,78.66634567,162967497,339519210
Europe & Central Asia,ECS,77.3948729,8080046.4,,1.758291517,20364623091494,22442.99423,714188387955,11384209623870,71.16200267,435701418,907424836
Europe & Central Asia (excluding high income),ECA,72.46689195,6391849.5,,1.944971646,3121184116604,7521.365319,22833620219,1764235534107,60.26405601,195273709,414975737
Europe & Central Asia (IDA & IBRD countries),TEC,72.94809221,6535559.5,,1.894461106,3598463764359,7944.292415,36278286567,2043218072753,60.92789503,213600204,452962149
European Union,EUU,81.1263925,1845340.5,,1.576439307,16410700117942,32198.66713,639405020626,9236989098954,78.4329,247109915,509703315
Faroe Islands,FRO,81.63414634,30,,2.4,2476746087,50581.96849,,,94.2,,48965
Fiji,FJI,70.22426829,4250,2031,2.541,4391113415,4921.950723,3022421,2673960717,42.5,371819,892149
Finland,FIN,81.38536585,22734,1242,1.71,232439324530,42419.56557,3632887080,128492040704,86.42213333,2695041,5479531
Fragile and conflict affected situations,FCS,62.04935535,5016946.6,,4.512798396,770045597845,1559.050494,,597905016929,15.4929314,177353365,493919601
France,FRA,82.67073171,287269,,02.01,2433562015516,36526.77011,104339993891,1338080195869,84.6945,30265313,66624068
French Polynesia,PYF,76.6915122,455,,2.028,,,10418387,,64.56020975,116984,277690
Gabon,GAB,65.68441463,51600,,3.85,14262032471,7388.984144,,5440151120,45.78453653,630950,1930175
Gambia. The,GMB,60.95743902,6050,83094,5.488,907652509.5,458.9690024,,849711689.1,16.5,636663,1977590
Georgia,GEO,72.96612195,25484,,2.003,13993546732,3764.640912,34742057,9540177367,47.56975964,2058229,3717100
Germany,DEU,81.0902439,167310,5557,1.5,3375611100742,41323.9215,185556246410,1808299001467,87.5898,42780604,81686611
Ghana,GHA,62.4072439,157000,360029,4.042,37543361204,1361.113905,,25173341180,31.44785241,12951094,27582821
Gibraltar,GIB,,,,,,,,,,,34228
Greece,GRC,81.58780488,77830,,1.3,195541761243,18070.77678,1141459515,136380914216,66.835,4908886,10820883
Greenland,GRL,,2359,,2,2220380802,39569.10579,487213,970659492.6,67.60044348,,56114
Grenada,GRD,73.49953659,80,288,2.126,997007925.9,9333.270231,,,53.81,,106823
Guam,GUM,79.37763415,180,,2.367,5697000000,35210.78883,,3177000000,73.13999995,78899,161797
Guatemala,GTM,73.04297561,37938,279682,3.029,63767597194,3923.573344,228466451,54196536774,28.80594156,6370645,16252429
Guinea,GIN,59.39895122,145000,,4.934,8767143623,725.0646897,2448491,,8.2,4463737,12091533
Guinea-Bissau,GNB,56.95039024,16300,,4.71,1036130507,585.2105569,,882082688.9,3.540706917,737920,1770526
Guyana,GUY,66.53936585,16800,,2.534,3197225182,4160.269275,105777,2486435835,34,309871,768514
Haiti,HTI,63.01078049,18400,,2.973,8724656126,814.5463952,,7685776127,12.1977,4794213,10711061
Heavily indebted poor countries (HIPC),HPC,61.6223619,7390860.6,,4.935826044,639999040057,883.3876674,,459470613730,13.14204507,293256296,724482652
High income,HIC,80.74130969,12284857.7,,1.672714254,47581222189328,40223.11157,1241352757557,28539514028932,80.01466401,593204430,1182929820
Honduras,HND,73.32460976,32350,66850,2.507,20844284855,2326.155856,,16207639939,27.61981381,4074281,8960829
Hong Kong SAR. China,HKG,84.27804878,51,,1.195,309403880389,42434.66603,425888102,205529941433,84.94835296,3947179,7305700
Hungary,HUN,75.96097561,53470,16701,1.44,122879042002,12483.86594,11789798880,60720775420,72.8347,4616162,9843028
IBRD only,IBD,72.55544022,25534494.5,,2.093366073,25854305463828,5554.733336,824435022806,13365868741914,42.85349465,2186159192,4652578287
Iceland,ISL,82.86097561,18720,,1.93,16783714958,50734.4436,110196317,8356441729,98.2,203033,330815
IDA & IBRD total,IBT,70.24842028,36696696.2,,2.577983743,27877638515236,4500.885474,,14846902223449,36.35704342,2784919841,6191917218
IDA blend,IDB,61.35832808,3150940,,4.24341219,984508326729,1932.695951,,751134802384,21.01185758,180472354,509396383
IDA only,IDX,64.22299397,8011261.7,,4.079017624,1040922241111,1010.651424,,753223055474,14.42091292,418288295,1029942548
IDA total,IDA,63.27507351,11162201.7,,4.133214903,2034175800281,1321.452702,,1512395837507,16.61567364,598760649,1539338931
India,IND,68.33260976,1797210,,2.352,2089865410868,1596.470003,13750546786,1211625525616,26,503832494,1309053980
Indonesia,IDN,69.03863415,570000,2644527,2.389,861256351277,3336.106686,4409587991,493563627623,21.97606771,122582083,258162113
Iran. Islamic Rep.,IRN,75.74263415,459532,53147,1.686,385874474399,4862.299729,,194087976966,45.33497588,25937200,79360487
Iraq,IRQ,69.63460976,92690,,4.427,179640210726,4974.02693,,106526644961,17.22,9983712,36115649
Ireland,IRL,81.50243902,44300,4293,1.94,290617006704,62544.63129,29060468411,96850815791,80.1224,2204789,4676835
Isle of Man,IMN,,404,,,6792417112,81672.0227,,,,,83167
Israel,ISR,82.05121951,5339,20605,03.09,299096404729,35691.26916,11818252000,163647081044,77.35208966,3877028,8380100
Italy,ITA,83.4902439,129450,31025,1.37,1832347450962,30171.74199,26927145887,1116896790076,58.14173496,25341188,60730582
Jamaica,JAM,75.80668293,4440,,2.026,14186886643,4939.837281,509846,11519449501,42.22122119,1469165,2871934
Japan,JPN,83.84365854,44960,,1.46,4383076298082,34474.13736,91513823175,2479111201931,91.05802839,66363290,127141000
Jordan,JOR,74.19102439,10566,,3.445,37517410282,4096.099275,85510786,,60.11438269,2293767,9159302
Kazakhstan,KAZ,72,2169920,1401,2.73,184388432149,10509.98107,2844361044,99049435277,72.9,9110441,17544126
Kenya,KEN,66.64565854,276300,,3.917,63767539357,1349.970144,,50449590877,21,18171616,47236259
Kiribati,KIR,66.05219512,340,475,3.693,169140538.7,1504.715353,,,12.99748389,,112407
Korea. Dem. Peopleâ€™s Rep.,PRK,71.2387561,26300,62722,1.921,,,,,,16035453,25243917
Korea. Rep.,KOR,82.15585366,17360,34086,1.239,1382764027114,27105.07623,126526384316,681814159390,89.64863086,27433052,51014947
Kosovo,XKX,71.34634146,,,02.09,6440501275,3574.481782,,5554951758,,,1801800
Kuwait,KWT,74.74682927,1494,,1.986,114567298106,29109.06874,138387434,47601861083,77.52326901,2194094,3935794
Kyrgyz Republic,KGZ,70.65121951,105571,8687,3.2,6678178340,1121.082835,42363668,6046861644,30.24704278,2561573,5956900
Lao PDR,LAO,66.28404878,23690,55667,2.758,14390391264,2159.433152,297939232,10250333104,18.2,3452870,6663967
Late-demographic dividend,LTE,75.52288235,15959408.4,,1.702041873,18459586495069,8202.414735,762584439672,8479828492254,53.58581251,1237885964,2248927194
Latin America & Caribbean,LCN,75.27120874,7551360,,2.086131987,5473910454068,8674.115571,,3622808024357,54.27973293,301218696,631058524
Latin America & Caribbean (excluding high income),LAC,75.13039619,7245900,,2.099650511,5012592560058,8303.876751,,3329355625305,53.69638486,288424514,603644865
Latin America & the Caribbean (IDA & IBRD countries),TLA,75.16584183,7486533,,2.09623151,5247799483622,8534.506463,60073791231,3488226729311,54.40667373,294359978,614891969
Latvia,LVA,74.12439024,18845,3824,1.64,27009231911,13658.08503,1036825314,16279542071,79.2006,1011061,1977527
Least developed countries: UN classification,LDC,64.0646819,7850836.7,,4.172285646,928172020784,970.2507194,,675434277966,13.024301,391253660,956631108
Lebanon,LBN,79.4982439,6580,87654,1.72,49459296463,8452.443641,,42673709778,74,2086602,5851479
Lesotho,LSO,53.57009756,22773,66025,3.143,2505886025,1152.319585,,1893464711,25,926234,2174645
Liberia,LBR,61.98021951,27000,454631,4.65,2034000000,452.0380717,,3052200000,5.903867603,1447265,4499621
Libya,LBY,71.83039024,153500,,2.312,,,,,19.01607978,2332689,6234955
Liechtenstein,LIE,82.07317073,51.6,4,1.59,6289165410,168146.0153,,,96.6411951,,37403
Lithuania,LTU,75.1195122,30060,636,1.63,41402022148,14252.42853,1776964048,26033834741,71.378,1470300,2904910
Low & middle income,LMY,70.19326103,36341616.7,,2.584703867,27199185692242,4405.307581,,14433467072792,36.07030587,2777895331,6172290592
Low income,LIC,62.06047438,5544269,,4.804077428,403748851337,629.0308275,,304289669688,10.24668598,275179886,641858608
Lower middle income,LMC,67.7051777,10210626.5,,2.810297635,6017050154953,2024.833951,,3962129866980,26.82199842,1172442098,2970020158
Luxembourg,LUX,82.22926829,1312.7,,1.5,57784495265,101446.7863,673934496,17363040424,97.3341,282755,569604
Macao SAR. China,MAC,83.59490244,,1157,1.28,45361678147,75484.28658,,11838071384,77.60013186,376880,600942
Macedonia. FYR,MKD,75.52431707,12630,10440,1.524,10051659161,4834.136723,110003537,6880355654,70.3802,959952,2079308
Madagascar,MDG,65.50782927,414150,,4.241,9744243420,402.0883072,1139363,7752755885,4.17397219,12238163,24234088
Malawi,MWI,62.54336585,57900,,4.646,6373201160,362.6575444,3577452,5027832893,9.298148347,7494695,17573607
Malaysia,MYS,75.22019512,78390,58264,2.056,296434003329,9648.553455,57257697127,160355140187,71.06406781,14820526,30723155
Maldives,MDV,77.12026829,79,,2.132,4006531188,9575.7707,,,54.46195515,207420,409163
Mali,MLI,57.45770732,412010,1154062,6.145,13100058100,749.9501571,,10735756741,10.33,6481074,17467905
Malta,MLT,81.94634146,102.3,360,1.42,10285547954,23816.08514,629779854,5138118080,76.184,200322,431874
Marshall Islands,MHL,,115,1904,,179697900,3390.910292,,148390800,19.2824418,,52994
Mauritania,MRT,63.04636585,397110,124137,4.736,4844223107,1158.256371,,2799450207,15.19912669,1234390,4182341
Mauritius,MUS,74.35317073,850,3664,1.36,11692287066,9260.447303,673785,8734592817,50.13931848,607122,1262605
Mexico,MEX,76.88136585,1067050,,2.215,1152263780658,9152.872306,45780911356,786398545775,57.43104299,56018599,125890949
Micronesia. Fed. Sts.,FSM,69.04663415,220,2304,3.194,315179700,3018.008675,,,31.50108128,,104433
Middle East & North Africa,MEA,73.32241546,3739608.8,,2.813347968,3147279271334,7336.969933,15466577613,1681329400474,44.23181927,143938348,428961724
Middle East & North Africa (excluding high income),MNA,72.7953708,1976948.5,,2.862151514,1441977380056,3924.289301,,936814346694,39.01007003,113335315,367449306
Middle East & North Africa (IDA & IBRD countries),TMN,72.78920326,1973968.5,,2.848393087,1429091286052,3936.596023,,924239486609,38.77314027,112133319,363027163
Middle income,MIC,71.13718238,30797347.7,,2.350206652,26796050787924,4843.540857,,14136760609930,38.89974372,2502715445,5530431984
Moldova,MDA,71.37121951,24589,15066,1.248,6512899540,1832.499052,17928258,5721731275,63.30662538,1320946,3554108
Monaco,MCO,,,,,,,,,93.36330202,,38307
Mongolia,MNG,69.11587805,1129035,6693,2.793,11749620620,3946.962075,3051815,6938589993,21.43603111,1279224,2976877
Montenegro,MNE,76.86431707,2314,2516,1.677,4052913386,6514.272695,6492297,3208358656,68.11958104,247985,622159
Morocco,MAR,75.52014634,305915,,2.526,101187079463,2864.092915,538711364,58200997511,57.08,12357048,34803322
Mozambique,MOZ,57.60926829,499500,606209,5.305,14798439527,528.3139758,31240449,10029922246,16.93353299,12125151,28010691
Myanmar,MMR,66.38563415,127350,,2.23,59687373958,1138.992271,10501158,28437748349,21.72583401,24811879,52403669
Namibia,NAM,63.63643902,388090,,3.473,11571141027,4770.500939,5756165,8114856958,25.68785182,931913,2425561
Nauru,NRU,,4,,,100459782.6,8052.888385,,,,,12475
Nepal,NPL,69.86985366,41210,91982,2.162,21410840909,747.1604624,2792696,17102482845,17.58161801,16259985,28656282
Netherlands,NLD,81.70731707,18370,15655,1.71,757999453314,44746.33405,59127953689,336568495307,91.72413793,9034776,16939923
New Caledonia,NCL,77.77317073,1842.4,,2.22,,,36492164,,74.00175279,132592,273000
New Zealand,NZL,81.45682927,111160,3168,1.99,175562976175,38201.57455,604218907,100616119528,88.22288882,2513183,4595700
Nicaragua,NIC,75.038,50650,,2.231,12747741540,2095.966488,9962232,9942575178,19.7042915,2818687,6082035
Niger,NER,59.68187805,456820,1238286,7.29,,,10668321,,2.476219975,7825852,19896965
Nigeria,NGA,52.97792683,708000,,5.591,481066152889,2655.157977,,377325283362,24.5,55789427,181181744
North America,NAC,79.08222552,4685190,,1.818485818,19679438002855,55156.24419,180664649579,13229684804498,75.94103574,180510039,356810463
Northern Mariana Islands,MNP,,30,,,933000000,17020.57793,,519000000,,,54816
Norway,NOR,82.1,9861,924,1.75,386663139403,74498.13764,4616966268,167868926320,96.8103,2762112,5188607
Not classified,INX,,,,,,,,,,,
OECD members,OED,80.28312399,11787226.2,,1.748486586,46659020669553,36412.09216,1153568899510,28433592869360,76.5197458,626012509,1281401703
Oman,OMN,77.12182927,14688,6278,2.737,69831770871,16627.3643,204251051,23032352146,66.13381127,2274923,4199810
Other small states,OSS,67.33112903,822750.8,,3.137726826,369948348463,12590.41858,,143420481558,43.42812715,12952162,29374084
Pacific island small states,PSS,70.75254202,8627,,3.243275475,8596930891,3644.381046,,,28.0136159,823423,2358955
Pakistan,PAK,66.33217073,362520,5599070,3.55,270556126820,1428.637628,259422148,215812569813,14,65423214,189380513
Palau,PLW,,50,,2.21,297645400,13981.83953,2201531,184299100,,,21288
Panama,PAN,77.81743902,22570,,2.541,52132289700,13134.04367,552034190,25264000000,51.20542499,1904010,3969249
Papua New Guinea,PNG,65.38770732,11900,,3.707,21060901604,2659.263507,,,7.9,3514995,7919825
Paraguay,PRY,73.04297561,218850,,2.509,27282581336,4109.367724,47679184,18985401196,48.43868795,3227150,6639119
Peru,PER,74.71341463,243306,72896,2.429,189212096470,6030.343259,195064245,123386823263,40.9,17209782,31376671
Philippines,PHL,69.00985366,124400,,2.958,292774099014,2878.33837,26192288870,215940173495,53.7,42982453,101716359
Poland,POL,78.20487805,143710,,1.32,477279647755,12564.48353,13444666348,278901355402,67.997,18326495,37986412
Portugal,PRT,81.52195122,36999.7,12414,1.23,199420256050,19252.63495,1905762003,130566947159,68.6329,5218272,10358076
Post-demographic dividend,PST,80.64646234,10595546.1,,1.639378954,44242836057682,40308.68351,1179284264329,26924319114868,79.0536858,549791565,1097570905
Pre-demographic dividend,PRE,59.50281022,8318283.6,,5.249019917,1302670365761,1524.22214,,952299507509,15.15434378,310367935,854646007
Puerto Rico,PRI,79.59612195,1977,,1.432,,29697.12779,,,79.46876883,1178300,3473181
Qatar,QAT,78.46270732,656,4340,1.929,164641483516,66346.52267,137486327,36176098901,92.88482645,1872414,2481539
Romania,ROU,74.96097561,138350,104026,1.52,177911101680,8978.389254,3536097090,109960506279,55.7632,9104062,19815481
Russian Federation,RUS,70.90853659,2177218.2,148860,1.75,1365864126833,9329.290713,9677335778,714680731304,73.41,76288278,144096870
Rwanda,RWA,66.62087805,18117,90676,3.967,8261034258,710.3483907,7610522,6578590578,18,5949395,11629553
Samoa,WSM,74.83870732,350,793,4.029,803985809.2,4149.411429,66788,,25.40700977,38887,193759
San Marino,SMR,,10,,,1569258068,47610.98508,,,,,32960
Sao Tome and Principe,STP,66.41665854,487,1346,4.518,315880811.1,1615.320711,200157,,25.82,64373,195553
Saudi Arabia,SAU,74.5744878,1736472,81108,2.579,651757333333,20653.24205,276022477,263681841627,69.6162358,12991605,31557144
Senegal,SEN,66.66143902,88680,649942,4.84,13640668374,910.7747772,27132070,10300193509,21.69026413,4855249,14976994
Serbia,SRB,75.48780488,34685,2187,1.46,37160332465,5237.255334,292333396,27751397372,65.3170254,3075185,7095383
Seychelles,SYC,73.22926829,15.5,397,2.3,1437722206,15390.04064,1229820,718486071.3,54.25961786,,93419
Sierra Leone,SLE,51.41285366,39490,6648,4.561,4251869870,587.5162611,35094,4349026102,6.344421603,2411915,7237025
Singapore,SGP,82.59512195,6.6,,1.24,296840704102,53629.73746,130988629328,109298516148,79.012957,3222374,5535002
Sint Maarten (Dutch part),SXM,,,,,,,,,,,38824
Slovak Republic,SVK,77.21219512,19216,,1.37,87501423882,16132.86031,6878304957,47957551402,77.6347,2738598,5423801
Slovenia,SVN,81.07804878,6166.3,,1.58,43072415017,20873.16111,1427285488,23037202738,73.0987,1009657,2063531
Small states,SST,68.57721416,856605.8,,2.931207054,448061495601,11504.32342,,195193946684,43.89623664,17145290,38937987
Solomon Islands,SLB,70.47668293,1080,26854,3.907,1129164719,1922.041388,193415,,10.00046498,254107,587482
Somalia,SOM,55.87285366,441250,,6.365,5925000000,426.0098537,,7836000000,1.76,3414697,13908129
South Africa,ZAF,61.93409756,968410,,2.485,317610719411,5744.324157,1960691751,189040680120,51.91911572,21241022,55011976.68
South Asia,SAS,68.48545298,2704717.1,,2.491493284,2682804385971,1538.35115,,1661415418941,23.18890086,669026828,1744190704
South Asia (IDA & IBRD),TSA,68.48545298,2704717.1,,2.491493284,2682804385971,1538.35115,,1661415418941,23.18890086,669026828,1744190704
South Sudan,SSD,56.30258537,285332,1370840,4.938,9015221096,758.7205782,,9084902217,5.5,4983183,11882136
Spain,ESP,83.3804878,262660,14421,1.32,1197789902774,25789.51955,14240904065,694647340786,78.6896,23058550,46447697
Sri Lanka,LKA,74.98895122,27400,16067,2.063,80611989527,3891.659451,59295119,56508951698,29.98873755,8519529,20966000
St. Kitts and Nevis,KNA,,60,1299,,878281507.8,16178.18869,,,75.7,,54288
St. Lucia,LCA,75.2835122,106,,1.471,1649142630,9306.358868,,1136652444,42.53093047,96719,177206
St. Martin (French part),MAF,79.47073171,,,1.81,,,,,,,31754
St. Vincent and the Grenadines,VCT,73.06495122,100,163,1.953,755205755.9,6899.691708,472716,,51.77,57423,109455
Sub-Saharan Africa,SSF,59.90182611,10247646.1,,4.919645147,1606985506039,1597.639238,,1144664168548,17.75563834,390924477,1005570801
Sub-Saharan Africa (excluding high income),SSA,59.90058785,10247630.6,,4.919913766,1605546772069,1596.357135,,1143948469160,17.75216968,390924477,1005477382
Sub-Saharan Africa (IDA & IBRD countries),TSS,59.90182611,10247646.1,,4.919645147,1606985506039,1597.639238,,1144664168548,17.75563834,390924477,1005570801
Sudan,SDN,64.22941463,681861.6,,4.595,97156119150,2513.884661,978796,72586377667,26.61492855,10559338,38647803
Suriname,SUR,71.28619512,882,3125,2.396,4826587058,8724.723897,,1626799799,42.76382778,216594,553208
Swaziland,SWZ,56.91236585,12220,,3.141,4020275298,3047.946756,,2928096395,25.64304231,442140,1319011
Sweden,SWE,82.55121951,30398,2391,1.88,497918109302,50812.19086,14951672746,223964036468,90.6102,5182100,9799186
Switzerland,CHE,83.19756098,15088,1776,1.54,679289166858,82016.02131,53257659389,362876112241,87.4790556,4814298,8282396
Syrian Arab Republic,SYR,70.25265854,139210,,2.966,,,,,29.97979724,4823362,18734987
Tajikistan,TJK,71.00712195,47450,13130,3.404,7853450374,918.6771543,,6375930944,18.98,3282834,8548651
Tanzania,TZA,64.90331707,396500,,5.079,45628320606,872.2954949,8771922,27595368263,10,24618499,53879957
Thailand,THA,75.068,221100,454421,1.498,399234547137,5814.863134,34543515383,205119905862,39.31612674,38889149,68657600
Timor-Leste,TLS,68.58002439,3800,5310,5.618,1606500000,1294.54454,,953300000,23,272590,1240977
Togo,TGO,59.92370732,38200,29500,4.517,4087628276,551.1308346,1192704,3298207032,7.12,3346080,7416802
Tonga,TON,72.84017073,330,,3.678,435438217.3,4093.849585,,,38.65127243,40059,106364
Trinidad and Tobago,TTO,70.58885366,540,,1.766,23559224762,17321.78762,5169055,15391068461,69.19847061,675854,1360092
Tunisia,TUN,75.49704878,100730,,2.223,43156708809,3828.100633,681454561,30632339672,48.51983599,4061011,11273661
Turkey,TUR,75.40709756,385460,305338,2.072,859794177118,10984.77076,2323079468,519042584065,53.74497914,29709748,78271472
Turkmenistan,TKM,67.64104878,338380,,2.931,35799628571,6432.668768,,,14.99677482,2533009,5565284
Turks and Caicos Islands,TCA,,10,,,,,,,,,34339
Tuvalu,TUV,,18,24,,32673277.74,2970.027974,,,42.7,,11001
Uganda,UGA,59.5087561,144150,,5.682,27059447775,674.044972,7695449,20795554726,17.83485947,14698291,40144870
Ukraine,UKR,71.1895122,412748,,1.506,91030959455,2124.662666,1386828856,60294259019,48.88464368,20929694,45154029
United Arab Emirates,ARE,77.4842439,3823,16022,1.765,357949199755,39101.74689,834367361,204447438121,90.5,6414745,9154302
United Kingdom,GBR,81.60487805,171380,,1.81,2885570309161,44305.55463,69417266219,1892125207284,92.0003,33408062,65128861
United States,USA,78.74146341,4058625,1372090,1.843,18120714000000,56469.00897,154345554351,12332257000000,74.55420245,160767760,320896618
Upper middle income,UMC,75.11854968,20586721.2,,1.827551594,20772440074304,8112.01528,,10179411536645,52.56886269,1330273346,2560411826
Uruguay,URY,77.13163415,144496,,2.007,53274304215,15524.84247,266119238,35603930275,64.6,1751452,3431552
Uzbekistan,UZB,71.14568293,267700,67898,2.491,66903804143,2137.576852,,35592823804,42.8,14721576,31298900
Vanuatu,VUT,71.98490244,1870,5104,3.312,742432131,2805.83414,,,22.35140458,118551,264603
Venezuela. RB,VEN,74.3915122,216000,264665,2.341,,,,,61.86924809,14381186,31155134
Vietnam,VNM,75.89119512,117100,,1.958,193241108710,2065.169099,38735943417,131329929035,43.5,55367635,91713300
Virgin Islands (U.S.),VIR,79.87317073,40,,1.74,3765000000,34954.97168,,2586000000,54.8391373,50437,103574
West Bank and Gaza,PSE,73.30168293,2980,36969,4.075,12673000000,2865.805109,5099724,11805100000,57.42419241,1201996,4422143
World,WLD,71.88880421,48626474.4,,2.452645557,74760284140128,10161.62664,,42957437940625,43.19845629,3371099761,7355220412
Yemen. Rep.,YEM,64.72568293,235460,,4.104,37733919936,1401.903319,2946931,36720862036,24.08540947,6009627,26916207
Zambia,ZMB,61.33958537,238360,,5.041,21154394546,1313.889646,36503179,10714005560,21,6590858,16100587
Zimbabwe,ZWE,60.27934146,162000,,3.836,16304667807,1033.415842,10072513,14211595773,22.7428181,7686883,15777451