Country Name,Country Code,Lifeexpectancy,Agriculturaland,Fertility_rate,GDP,GDP_per_capita,Household_final_consumption,Individuals_using_the_Internet,Labor_force,Population,Religion,Constitutional form
Afghanistan,AFG,63.29819512,379100.0,4.802,19215562179.0,569.5779229,16202253853.0,8.26,10087656.0,33736494.0,Sunni Muslim,Republic
Albania,ALB,78.20314634,11743.0,1.714,11335264967.0,3934.8953939999997,9129271284.0,63.2529327,1333025.0,2880703.0,Muslim,Republic
Algeria,DZA,75.85529268,414564.0,2.839,165874330876.0,4160.220067,68068894198.0,38.2,11798754.0,39871528.0,Sunni Muslim,Republic
American Samoa,ASM,,49.0,,659000000.0,11865.96323,442000000.0,,,55537.0,Christian Congregationalist,
Andorra,AND,,188.1,,2811489409.0,36038.2676,,96.91,,78014.0,indigenous beliefs,Constitutional monarchy
Angola,AGO,61.18934146,591900.0,5.766,102962245247.0,3695.7937479999996,78465660063.0,12.4,11464497.0,27859305.0,indigenous beliefs,Republic
Antigua and Barbuda,ATG,76.07563415,90.0,2.063,1364863037.0,13659.14791,,70.0,,99923.0,Anglican,Constitutional monarchy
Arab World,ARB,71.02843854,4796187.1,3.373839686,2563301730345.0,6435.525509,1403996252434.0,39.86746329,129331522.0,398304960.0,,
Argentina,ARG,76.29302439,1487000.0,2.3080000000000003,584711485367.0,13467.102359999999,382707351815.0,68.04306411,19486807.0,43417765.0,nominally Roman Catholic,Republic
Armenia,ARM,74.20619512,16764.3,1.6219999999999999,10553337673.0,3617.935746,8240058395.0,59.10237771,1398281.0,2916950.0,Armenian Apostolic,Republic
Aruba,ABW,75.59434146,20.0,1.801,,,,88.66122693,,104341.0,Roman Catholic,
Australia,AUS,82.45121951,3659130.0,1.8330000000000002,1345383143356.0,56408.34043,761005907313.0,84.56051935,12559926.0,23789338.0,Catholic,Constitutional monarchy
Austria,AUT,81.84390244,27184.5,1.47,382065930308.0,44255.583360000004,201101400545.0,83.94014193,4455936.0,8633169.0,Roman Catholic,Republic
Azerbaijan,AZE,71.84519512,47698.0,1.97,53074370486.0,5500.310382,30087936756.0,77.0,4873401.0,9649341.0,Muslim,Republic
Bahamas. The,BHS,75.36878049,140.0,1.778,11240000000.0,29056.09066,7404400000.0,78.0,232361.0,386838.0,,
Bahrain,BHR,76.86519512,86.0,2.056,31125851064.0,22688.878240000002,14023936170.0,93.47830114,777902.0,1371855.0,Muslim,Constitutional monarchy
Bangladesh,BGD,72.22160976,91942.1,2.133,195078665828.0,1210.158769,141309707202.0,14.4,64315877.0,161200886.0,Muslim,Republic
Barbados,BRB,75.63790244,140.0,1.796,4584150000.0,16129.049280000001,3753300000.0,76.11,150499.0,284217.0,Protestant,Constitutional monarchy
Belarus,BLR,73.62439024,85820.0,1.724,56454734397.0,5949.106307,29851764410.0,67.3,5113980.0,9489616.0,Eastern Orthodox,Republic
Belgium,BEL,81.28780488,13280.0,1.74,455200045096.0,40375.38864,232779918937.0,85.0529,5000922.0,11274196.0,Roman Catholic,Constitutional monarchy
Belize,BLZ,70.31097561,1600.0,2.544,1742545900.0,4849.9974950000005,1234867600.0,41.59,161219.0,359288.0,Roman Catholic,Constitutional monarchy
Benin,BEN,60.58468293,37500.0,5.048,8290986804.0,783.947091,5686706980.0,11.25498791,4264500.0,10575952.0,Christian,Republic
Bermuda,BMU,81.01219512,3.0,1.62,,,,98.32360965,,65235.0,Anglican,
Bhutan,BTN,69.80712195,5256.0,2.086,2059258653.0,2615.31022,1169004833.0,39.8,380653.0,787386.0,Lamaistic Buddhist,Constitutional monarchy
Bolivia,BOL,68.74980488,377045.0,2.9210000000000003,33000198263.0,3077.026199,22578642547.0,35.56227065,4857556.0,10724705.0,Roman Catholic,Republic
Bosnia and Herzegovina,BIH,76.64029268,21830.0,1.345,16209702864.0,4584.242547999999,13131044514.0,65.06550279999999,1413556.0,3535961.0,Muslim,Republic
Botswana,BWA,65.75109756,260010.0,2.7739999999999996,14430573505.0,6532.044677000001,7516653476.0,37.31205037,1077380.0,2209197.0,Christian,Republic
Brazil,BRA,75.19912195,2825890.0,1.74,1803652649614.0,8757.206202,1151515524963.0,58.32795173,102302157.0,205962108.0,Roman Catholic,Republic
British Virgin Islands,VGB,,70.0,,,,,,,30113.0,Protestant,
Brunei Darussalam,BRN,77.06675609999999,144.0,1.8840000000000001,12930394938.0,30967.89051,2558004218.0,71.2,215384.0,417542.0,,
Bulgaria,BGR,74.46585366,50119.0,1.53,50199117547.0,6993.477359999999,31390851281.0,56.6563,3344323.0,7177991.0,Bulgarian Orthodox,Republic
Burkina Faso,BFA,59.84465854,121000.0,5.436,10419303761.0,575.3144542,6535034690.0,11.38764617,6571540.0,18110624.0,Muslim,Republic
Burundi,BDI,57.06934146,20320.0,5.781000000000001,3066681387.0,300.6765569,2631894044.0,4.866224464,4424037.0,10199270.0,Christian,Republic
Cabo Verde,CPV,72.43517073,790.0,2.374,1574288668.0,2954.119467,,47.96162392,219928.0,532913.0,,
Cambodia,KHM,68.47204878,54550.0,2.594,18049954289.0,1163.18977,13863294021.0,19.0,8968407.0,15517635.0,Buddhist,Constitutional monarchy
Cameroon,CMR,57.5575122,97500.0,4.7780000000000005,30916218544.0,1353.92449,21850670260.0,20.68014766,9910729.0,22834522.0,indigenous beliefs,Republic
Canada,CAN,82.12902439,626562.0,1.6,1552807652015.0,43335.15911,894175499713.0,88.47,19742279.0,35848610.0,Roman Catholic,Constitutional monarchy
Caribbean small states,CSS,73.04810113,25228.0,2.050818021,69516216247.0,9648.399440000001,47542185229.0,50.84963316,3369705.0,7204948.0,,
Cayman Islands,CYM,,27.0,,,,,77.0,,59963.0,Church of God,
Central African Republic,CAF,51.37785366,50800.0,4.94,1583776760.0,348.381417,1589611320.0,3.8,1833445.0,4546100.0,indigenous beliefs,Republic
Central Europe and the Baltics,CEB,77.0269071,527378.3,1.434829722,1285572776919.0,12450.13342,722068716305.0,67.20136837,49536667.0,103257751.0,,
Chad,TCD,52.55395122,499350.0,6.05,10888798114.0,777.2487051,8025615781.0,3.5,5232399.0,14009413.0,Muslim,Republic
Channel Islands,CHI,80.88526829,92.0,1.472,,,,,80690.0,163758.0,,
Chile,CHL,79.16068293,157850.0,1.785,242517905162.0,13653.2264,154206309712.0,64.289,8755278.0,17762681.0,Roman Catholic,Republic
China,CHN,76.11709756,5278330.0,1.617,11064666282626.0,8069.213024,4271057368125.0,50.3,787109802.0,1371220000.0,Daoist,
Colombia,COL,74.15619512,446656.0,1.874,291519596339.0,6044.5256549999995,183029105412.0,55.90497251,25773900.0,48228697.0,Roman Catholic,Republic
Comoros,COM,63.46068293,1330.0,4.42,565689764.6,727.6463868,,7.459161386,199300.0,777424.0,,Republic
Congo. Dem. Rep.,COD,59.17321951,262000.0,6.202000000000001,36188521107.0,474.93604810000005,27198272106.0,3.799999507,29613257.0,76196619.0,,
Congo. Rep.,COG,64.09073171,106270.0,4.721,8553154580.0,1712.1211460000002,5823408423.0,7.615974662,2007084.0,4995648.0,,
Costa Rica,CRI,79.60890244,18110.0,1.8,54840103850.0,11406.362729999999,35171170899.0,59.76295014,2322230.0,4807852.0,Roman Catholic,Republic
Cote d'Ivoire,CIV,53.078243900000004,206000.0,4.976,33145096414.0,1434.326615,21373403248.0,21.88520842,7663653.0,23108472.0,Muslim,
Croatia,HRV,77.27560976,15376.0,1.46,48921877448.0,11638.07948,28577520406.0,69.8031,1893632.0,4203604.0,Roman Catholic,Republic
Cuba,CUB,79.54370732,62403.0,1.72,87132800000.0,7602.261218000001,48553900000.0,37.30509742,5247121.0,11461432.0,nominally,Republic
Curacao,CUW,,,1.9,,,,,,157979.0,Roman Catholic,
Cyprus,CYP,80.29104878,1272.0,1.35,19676167240.0,23212.2247,13671287568.0,71.7159,604353.0,1160985.0,Greek Orthodox,Republic
Czech Republic,CZE,79.47317073,42130.0,1.53,186829940546.0,17715.61685,87491315616.0,75.6688387,5336203.0,10546059.0,Roman Catholic,Republic
Denmark,DNK,81.1,26110.0,1.69,301298464861.0,53012.99658,141994831967.0,96.3305,2931379.0,5683483.0,Evangelical Lutheran,Constitutional monarchy
Djibouti,DJI,62.24982927,17020.0,2.9130000000000003,1727000000.0,1862.167274,,11.92243143,371858.0,927414.0,Muslim,Republic
Dominica,DMA,,250.0,,535095846.3,7313.849351999999,,65.0,,73162.0,Roman Catholic,Republic
Dominican Republic,DOM,73.70368293,23520.0,2.451,68102618092.0,6468.471648,47797820202.0,54.21576634,4918059.0,10528394.0,Roman Catholic,Republic
Early-demographic dividend,EAR,69.52779013,13740962.6,2.569395285,10194968540648.0,3259.700021,6330352165777.0,30.18655276,1260999510.0,3127290269.0,,
East Asia & Pacific,EAS,75.25604166,11617906.0,1.8063298159999999,21766948384667.0,9533.912326,10197792857722.0,49.78792365,1249779956.0,2281203360.0,,
East Asia & Pacific (excluding high income),EAP,74.34183078,7774571.0,1.847075115,13268242307662.0,6509.110864,5560571720591.0,45.21010263,1120910489.0,2036552598.0,,
East Asia & Pacific (IDA & IBRD countries),TEA,74.38078,7748272.0,1.8461374659999998,13242748064718.0,6578.179407,5549780749734.0,45.21010263,1104875036.0,2011274432.0,,
Ecuador,ECU,76.08151219999999,57884.0,2.5140000000000002,99290381000.0,6150.155954999999,60991910000.0,48.94043379,7627622.0,16144368.0,Roman Catholic,Republic
Egypt. Arab Rep.,EGY,71.29565854,38201.5,3.3110000000000004,332698041031.0,3547.7130119999997,274242073594.0,37.81938343,30077689.0,93778172.0,,
El Salvador,SLV,73.00309756,16020.0,2.101,26052340000.0,4127.11775,23488950000.0,26.80260496,2779517.0,6312478.0,Roman Catholic,Republic
Equatorial Guinea,GNQ,57.50839024,2840.0,4.775,12597210658.0,10717.482179999999,5262300501.0,21.31999999,438149.0,1175389.0,nominally Christian and predominantly Roman Catholic,Republic
Eritrea,ERI,64.62439024,75920.0,4.208,,,,1.0837331159999999,,,Muslim,Republic
Estonia,EST,77.13170732,9936.0,1.54,22566956982.0,17155.874180000003,11718260950.0,88.4118116,686174.0,1315407.0,Evangelical Lutheran,Republic
Ethiopia,ETH,65.00829268,362590.0,4.317,64464547915.0,645.4650067000001,45927403189.0,11.6,48172064.0,99873033.0,Orthodox,Republic
Euro area,EMU,82.07022116,1174297.5,1.562154232,11661892507640.0,34351.60893,6381862698832.0,78.66634567,162967497.0,339519210.0,,
Europe & Central Asia,ECS,77.39487290000001,8080046.4,1.758291517,20364623091494.0,22442.99423,11384209623870.0,71.16200267,435701418.0,907424836.0,,
Europe & Central Asia (excluding high income),ECA,72.46689195,6391849.5,1.944971646,3121184116604.0,7521.3653189999995,1764235534107.0,60.26405601,195273709.0,414975737.0,,
Europe & Central Asia (IDA & IBRD countries),TEC,72.94809221,6535559.5,1.8944611059999998,3598463764359.0,7944.292415000001,2043218072753.0,60.92789503,213600204.0,452962149.0,,
European Union,EUU,81.12639250000001,1845340.5,1.5764393069999998,16410700117942.0,32198.66713,9236989098954.0,78.4329,247109915.0,509703315.0,Roman Catholic,
Faroe Islands,FRO,81.63414634,30.0,2.4,2476746087.0,50581.96849,,94.2,,48965.0,Evangelical Lutheran,
Fiji,FJI,70.22426829,4250.0,2.541,4391113415.0,4921.950723,2673960717.0,42.5,371819.0,892149.0,Christian,Republic
Finland,FIN,81.38536585,22734.0,1.71,232439324530.0,42419.56557,128492040704.0,86.42213333,2695041.0,5479531.0,Lutheran Church of Finland,Republic
Fragile and conflict affected situations,FCS,62.04935535,5016946.6,4.512798396,770045597845.0,1559.0504939999998,597905016929.0,15.492931400000002,177353365.0,493919601.0,,
France,FRA,82.67073171,287269.0,2.01,2433562015516.0,36526.770110000005,1338080195869.0,84.6945,30265313.0,66624068.0,Roman Catholic,Republic
French Polynesia,PYF,76.69151219999999,455.0,2.028,,,,64.56020975,116984.0,277690.0,Protestant,
Gabon,GAB,65.68441463,51600.0,3.85,14262032471.0,7388.984144,5440151120.0,45.78453653,630950.0,1930175.0,Christian,Republic
Gambia. The,GMB,60.95743902,6050.0,5.4879999999999995,907652509.5,458.9690024,849711689.1,16.5,636663.0,1977590.0,,
Georgia,GEO,72.96612195,25484.0,2.003,13993546732.0,3764.640912,9540177367.0,47.56975964,2058229.0,3717100.0,Orthodox Christian,Republic
Germany,DEU,81.0902439,167310.0,1.5,3375611100742.0,41323.9215,1808299001467.0,87.5898,42780604.0,81686611.0,Protestant,Republic
Ghana,GHA,62.407243900000005,157000.0,4.042,37543361204.0,1361.1139050000002,25173341180.0,31.44785241,12951094.0,27582821.0,Christian,Republic
Gibraltar,GIB,,,,,,,,,34228.0,Roman Catholic,
Greece,GRC,81.58780488,77830.0,1.3,195541761243.0,18070.77678,136380914216.0,66.835,4908886.0,10820883.0,Greek Orthodox,Republic
Greenland,GRL,,2359.0,2.0,2220380802.0,39569.105789999994,970659492.6,67.60044348,,56114.0,Evangelical Lutheran,
Grenada,GRD,73.49953659,80.0,2.126,997007925.9,9333.270231,,53.81,,106823.0,Roman Catholic,Constitutional monarchy
Guam,GUM,79.37763415,180.0,2.367,5697000000.0,35210.78883,3177000000.0,73.13999995,78899.0,161797.0,Roman Catholic,
Guatemala,GTM,73.04297561,37938.0,3.029,63767597194.0,3923.573344,54196536774.0,28.80594156,6370645.0,16252429.0,Roman Catholic,Republic
Guinea,GIN,59.39895122,145000.0,4.934,8767143623.0,725.0646897,,8.2,4463737.0,12091533.0,Muslim,Republic
Guinea-Bissau,GNB,56.95039024,16300.0,4.71,1036130507.0,585.2105569,882082688.9,3.540706917,737920.0,1770526.0,Muslim,Republic
Guyana,GUY,66.53936585,16800.0,2.5340000000000003,3197225182.0,4160.269275,2486435835.0,34.0,309871.0,768514.0,Hindu,Republic
Haiti,HTI,63.01078049,18400.0,2.9730000000000003,8724656126.0,814.5463952,7685776127.0,12.1977,4794213.0,10711061.0,Roman Catholic,Republic
Heavily indebted poor countries (HIPC),HPC,61.622361899999994,7390860.6,4.935826044,639999040057.0,883.3876674,459470613730.0,13.14204507,293256296.0,724482652.0,,
High income,HIC,80.74130969,12284857.7,1.672714254,47581222189328.0,40223.11157,28539514028932.0,80.01466401,593204430.0,1182929820.0,,
Honduras,HND,73.32460976,32350.0,2.5069999999999997,20844284855.0,2326.155856,16207639939.0,27.61981381,4074281.0,8960829.0,Roman Catholic,Republic
Hong Kong SAR. China,HKG,84.27804878,51.0,1.195,309403880389.0,42434.66603,205529941433.0,84.94835296,3947179.0,7305700.0,,
Hungary,HUN,75.96097561,53470.0,1.44,122879042002.0,12483.865940000002,60720775420.0,72.8347,4616162.0,9843028.0,Roman Catholic,Republic
IBRD only,IBD,72.55544022,25534494.5,2.0933660730000003,25854305463828.0,5554.733336,13365868741914.0,42.85349465,2186159192.0,4652578287.0,,
Iceland,ISL,82.86097561,18720.0,1.93,16783714958.0,50734.4436,8356441729.0,98.2,203033.0,330815.0,Lutheran Church of Iceland,Republic
IDA & IBRD total,IBT,70.24842028,36696696.2,2.5779837430000003,27877638515236.0,4500.885474000001,14846902223449.0,36.35704342,2784919841.0,6191917218.0,,
IDA blend,IDB,61.35832808,3150940.0,4.24341219,984508326729.0,1932.6959510000002,751134802384.0,21.01185758,180472354.0,509396383.0,,
IDA only,IDX,64.22299397,8011261.7,4.079017624,1040922241111.0,1010.651424,753223055474.0,14.42091292,418288295.0,1029942548.0,,
IDA total,IDA,63.27507351,11162201.7,4.133214903,2034175800281.0,1321.452702,1512395837507.0,16.61567364,598760649.0,1539338931.0,,
India,IND,68.33260976,1797210.0,2.352,2089865410868.0,1596.470003,1211625525616.0,26.0,503832494.0,1309053980.0,Hindu,Republic
Indonesia,IDN,69.03863415,570000.0,2.3890000000000002,861256351277.0,3336.106686,493563627623.0,21.97606771,122582083.0,258162113.0,Muslim,Republic
Iran. Islamic Rep.,IRN,75.74263415,459532.0,1.686,385874474399.0,4862.299729,194087976966.0,45.33497588,25937200.0,79360487.0,,
Iraq,IRQ,69.63460976,92690.0,4.427,179640210726.0,4974.02693,106526644961.0,17.22,9983712.0,36115649.0,Muslim,Republic
Ireland,IRL,81.50243902,44300.0,1.94,290617006704.0,62544.63129,96850815791.0,80.1224,2204789.0,4676835.0,Roman Catholic,Republic
Isle of Man,IMN,,404.0,,6792417112.0,81672.0227,,,,83167.0,Anglican,
Israel,ISR,82.05121951,5339.0,3.09,299096404729.0,35691.26916,163647081044.0,77.35208966,3877028.0,8380100.0,Jewish,Republic
Italy,ITA,83.4902439,129450.0,1.37,1832347450962.0,30171.74199,1116896790076.0,58.14173496,25341188.0,60730582.0,Roman Catholic,Republic
Jamaica,JAM,75.80668293,4440.0,2.026,14186886643.0,4939.837281,11519449501.0,42.22122119,1469165.0,2871934.0,Protestant,Constitutional monarchy
Japan,JPN,83.84365854,44960.0,1.46,4383076298082.0,34474.13736,2479111201931.0,91.05802839,66363290.0,127141000.0,Shintoism,Constitutional monarchy
Jordan,JOR,74.19102439,10566.0,3.445,37517410282.0,4096.099275,,60.11438269,2293767.0,9159302.0,Sunni Muslim,Constitutional monarchy
Kazakhstan,KAZ,72.0,2169920.0,2.73,184388432149.0,10509.98107,99049435277.0,72.9,9110441.0,17544126.0,Muslim,Republic
Kenya,KEN,66.64565854,276300.0,3.917,63767539357.0,1349.970144,50449590877.0,21.0,18171616.0,47236259.0,Protestant,Republic
Kiribati,KIR,66.05219512,340.0,3.693,169140538.7,1504.7153529999998,,12.99748389,,112407.0,Roman Catholic,Republic
Korea. Dem. People’s Rep.,PRK,71.2387561,26300.0,1.921,,,,,16035453.0,25243917.0,,
Korea. Rep.,KOR,82.15585366,17360.0,1.239,1382764027114.0,27105.076230000002,681814159390.0,89.64863086,27433052.0,51014947.0,,
Kosovo,XKX,71.34634146,,2.09,6440501275.0,3574.481782,5554951758.0,,,1801800.0,Muslim,Republic
Kuwait,KWT,74.74682927,1494.0,1.986,114567298106.0,29109.06874,47601861083.0,77.52326901,2194094.0,3935794.0,Muslim,Constitutional monarchy
Kyrgyz Republic,KGZ,70.65121951,105571.0,3.2,6678178340.0,1121.082835,6046861644.0,30.24704278,2561573.0,5956900.0,,
Lao PDR,LAO,66.28404878,23690.0,2.758,14390391264.0,2159.433152,10250333104.0,18.2,3452870.0,6663967.0,,
Late-demographic dividend,LTE,75.52288235,15959408.4,1.7020418730000002,18459586495069.0,8202.414735,8479828492254.0,53.58581251,1237885964.0,2248927194.0,,
Latin America & Caribbean,LCN,75.27120874,7551360.0,2.086131987,5473910454068.0,8674.115570999998,3622808024357.0,54.27973293,301218696.0,631058524.0,,
Latin America & Caribbean (excluding high income),LAC,75.13039619,7245900.0,2.099650511,5012592560058.0,8303.876751,3329355625305.0,53.69638486,288424514.0,603644865.0,,
Latin America & the Caribbean (IDA & IBRD countries),TLA,75.16584183,7486533.0,2.09623151,5247799483622.0,8534.506463,3488226729311.0,54.40667373,294359978.0,614891969.0,,
Latvia,LVA,74.12439024,18845.0,1.64,27009231911.0,13658.085030000002,16279542071.0,79.2006,1011061.0,1977527.0,Lutheran,Republic
Least developed countries: UN classification,LDC,64.0646819,7850836.7,4.172285646000001,928172020784.0,970.2507194,675434277966.0,13.024301,391253660.0,956631108.0,,
Lebanon,LBN,79.4982439,6580.0,1.72,49459296463.0,8452.443641,42673709778.0,74.0,2086602.0,5851479.0,Muslim,Republic
Lesotho,LSO,53.57009756,22773.0,3.1430000000000002,2505886025.0,1152.319585,1893464711.0,25.0,926234.0,2174645.0,Christian,Constitutional monarchy
Liberia,LBR,61.98021951,27000.0,4.65,2034000000.0,452.03807170000005,3052200000.0,5.903867602999999,1447265.0,4499621.0,Christian,Republic
Libya,LBY,71.83039024,153500.0,2.312,,,,19.01607978,2332689.0,6234955.0,Sunni Muslim,n/a
Liechtenstein,LIE,82.07317073,51.6,1.59,6289165410.0,168146.0153,,96.64119509999999,,37403.0,Roman Catholic,Constitutional monarchy
Lithuania,LTU,75.1195122,30060.0,1.63,41402022148.0,14252.428530000001,26033834741.0,71.378,1470300.0,2904910.0,Roman Catholic,Republic
Low & middle income,LMY,70.19326103,36341616.7,2.584703867,27199185692242.0,4405.307581,14433467072792.0,36.07030587,2777895331.0,6172290592.0,,
Low income,LIC,62.06047438,5544269.0,4.804077428,403748851337.0,629.0308275,304289669688.0,10.24668598,275179886.0,641858608.0,,
Lower middle income,LMC,67.70517770000001,10210626.5,2.810297635,6017050154953.0,2024.833951,3962129866980.0,26.82199842,1172442098.0,2970020158.0,,
Luxembourg,LUX,82.22926829,1312.7,1.5,57784495265.0,101446.7863,17363040424.0,97.3341,282755.0,569604.0,Roman Catholic,Constitutional monarchy
Macao SAR. China,MAC,83.59490244,,1.28,45361678147.0,75484.28658,11838071384.0,77.60013186,376880.0,600942.0,,
Macedonia. FYR,MKD,75.52431707,12630.0,1.524,10051659161.0,4834.136723,6880355654.0,70.3802,959952.0,2079308.0,,
Madagascar,MDG,65.50782927,414150.0,4.2410000000000005,9744243420.0,402.0883072,7752755885.0,4.17397219,12238163.0,24234088.0,indigenous beliefs,Republic
Malawi,MWI,62.54336585,57900.0,4.646,6373201160.0,362.65754439999995,5027832893.0,9.298148347,7494695.0,17573607.0,Christian,Republic
Malaysia,MYS,75.22019512,78390.0,2.056,296434003329.0,9648.553455,160355140187.0,71.06406781,14820526.0,30723155.0,Muslim,Constitutional monarchy
Maldives,MDV,77.12026829,79.0,2.1319999999999997,4006531188.0,9575.7707,,54.46195515,207420.0,409163.0,Sunni Muslim,Republic
Mali,MLI,57.45770732,412010.0,6.145,13100058100.0,749.9501571000001,10735756741.0,10.33,6481074.0,17467905.0,Muslim,Republic
Malta,MLT,81.94634146,102.3,1.42,10285547954.0,23816.08514,5138118080.0,76.184,200322.0,431874.0,Roman Catholic,Republic
Marshall Islands,MHL,,115.0,,179697900.0,3390.910292,148390800.0,19.2824418,,52994.0,Protestant,Republic
Mauritania,MRT,63.04636585,397110.0,4.736000000000001,4844223107.0,1158.2563710000002,2799450207.0,15.19912669,1234390.0,4182341.0,Muslim,Republic
Mauritius,MUS,74.35317073,850.0,1.36,11692287066.0,9260.447303,8734592817.0,50.13931848,607122.0,1262605.0,Hindu,Republic
Mexico,MEX,76.88136585,1067050.0,2.215,1152263780658.0,9152.872306000001,786398545775.0,57.43104299,56018599.0,125890949.0,Roman Catholic,Republic
Micronesia. Fed. Sts.,FSM,69.04663415,220.0,3.194,315179700.0,3018.008675,,31.50108128,,104433.0,,
Middle East & North Africa,MEA,73.32241546,3739608.8,2.813347968,3147279271334.0,7336.969932999999,1681329400474.0,44.23181927,143938348.0,428961724.0,,
Middle East & North Africa (excluding high income),MNA,72.7953708,1976948.5,2.862151514,1441977380056.0,3924.289301,936814346694.0,39.01007003,113335315.0,367449306.0,,
Middle East & North Africa (IDA & IBRD countries),TMN,72.78920326,1973968.5,2.848393087,1429091286052.0,3936.5960229999996,924239486609.0,38.77314027,112133319.0,363027163.0,,
Middle income,MIC,71.13718238,30797347.7,2.350206652,26796050787924.0,4843.540857,14136760609930.0,38.89974372,2502715445.0,5530431984.0,,
Moldova,MDA,71.37121951,24589.0,1.248,6512899540.0,1832.499052,5721731275.0,63.30662538,1320946.0,3554108.0,Eastern Orthodox,Republic
Monaco,MCO,,,,,,,93.36330202,,38307.0,Roman Catholic,Constitutional monarchy
Mongolia,MNG,69.11587805,1129035.0,2.793,11749620620.0,3946.962075,6938589993.0,21.43603111,1279224.0,2976877.0,Buddhist Lamaist,Republic
Montenegro,MNE,76.86431707,2314.0,1.6769999999999998,4052913386.0,6514.272695000001,3208358656.0,68.11958104,247985.0,622159.0,Orthodox,Republic
Morocco,MAR,75.52014634,305915.0,2.526,101187079463.0,2864.0929149999997,58200997511.0,57.08,12357048.0,34803322.0,Muslim,Constitutional monarchy
Mozambique,MOZ,57.60926829,499500.0,5.305,14798439527.0,528.3139758000001,10029922246.0,16.93353299,12125151.0,28010691.0,Catholic,Republic
Myanmar,MMR,66.38563415,127350.0,2.23,59687373958.0,1138.992271,28437748349.0,21.72583401,24811879.0,52403669.0,,Republic
Namibia,NAM,63.63643902,388090.0,3.4730000000000003,11571141027.0,4770.5009390000005,8114856958.0,25.68785182,931913.0,2425561.0,Christian,Republic
Nauru,NRU,,4.0,,100459782.6,8052.888384999999,,,,12475.0,Nauru Congregational,Republic
Nepal,NPL,69.86985366,41210.0,2.162,21410840909.0,747.1604624,17102482845.0,17.58161801,16259985.0,28656282.0,Hindu,Republic
Netherlands,NLD,81.70731707,18370.0,1.71,757999453314.0,44746.33405,336568495307.0,91.72413793,9034776.0,16939923.0,Roman Catholic,Constitutional monarchy
New Caledonia,NCL,77.77317073,1842.4,2.22,,,,74.00175279,132592.0,273000.0,Roman Catholic,
New Zealand,NZL,81.45682927,111160.0,1.99,175562976175.0,38201.57455,100616119528.0,88.22288882,2513183.0,4595700.0,Anglican,Constitutional monarchy
Nicaragua,NIC,75.038,50650.0,2.231,12747741540.0,2095.966488,9942575178.0,19.7042915,2818687.0,6082035.0,Roman Catholic,Republic
Niger,NER,59.68187805,456820.0,7.29,,,,2.476219975,7825852.0,19896965.0,Muslim,Republic
Nigeria,NGA,52.97792683,708000.0,5.591,481066152889.0,2655.157977,377325283362.0,24.5,55789427.0,181181744.0,Muslim,Republic
North America,NAC,79.08222552,4685190.0,1.818485818,19679438002855.0,55156.24419,13229684804498.0,75.94103574,180510039.0,356810463.0,,
Northern Mariana Islands,MNP,,30.0,,933000000.0,17020.57793,519000000.0,,,54816.0,Christian,
Norway,NOR,82.1,9861.0,1.75,386663139403.0,74498.13764,167868926320.0,96.8103,2762112.0,5188607.0,Church of Norway,Constitutional monarchy
Not classified,INX,,,,,,,,,,,
OECD members,OED,80.28312399,11787226.2,1.7484865859999998,46659020669553.0,36412.09216,28433592869360.0,76.5197458,626012509.0,1281401703.0,,
Oman,OMN,77.12182927,14688.0,2.737,69831770871.0,16627.3643,23032352146.0,66.13381127,2274923.0,4199810.0,Ibadhi Muslim,Absolute monarchy
Other small states,OSS,67.33112903,822750.8,3.137726826,369948348463.0,12590.41858,143420481558.0,43.42812715,12952162.0,29374084.0,,
Pacific island small states,PSS,70.75254202,8627.0,3.243275475,8596930891.0,3644.381046,,28.013615899999998,823423.0,2358955.0,,
Pakistan,PAK,66.33217073,362520.0,3.55,270556126820.0,1428.637628,215812569813.0,14.0,65423214.0,189380513.0,Muslim,Republic
Palau,PLW,,50.0,2.21,297645400.0,13981.839530000001,184299100.0,,,21288.0,Roman Catholic,Republic
Panama,PAN,77.81743902,22570.0,2.541,52132289700.0,13134.043670000001,25264000000.0,51.20542499,1904010.0,3969249.0,Roman Catholic,Republic
Papua New Guinea,PNG,65.38770732,11900.0,3.707,21060901604.0,2659.263507,,7.9,3514995.0,7919825.0,Roman Catholic,Constitutional monarchy
Paraguay,PRY,73.04297561,218850.0,2.509,27282581336.0,4109.367724000001,18985401196.0,48.43868795,3227150.0,6639119.0,Roman Catholic,Republic
Peru,PER,74.71341463,243306.0,2.4290000000000003,189212096470.0,6030.343259,123386823263.0,40.9,17209782.0,31376671.0,Roman Catholic,Republic
Philippines,PHL,69.00985366,124400.0,2.958,292774099014.0,2878.33837,215940173495.0,53.7,42982453.0,101716359.0,Roman Catholic,Republic
Poland,POL,78.20487805,143710.0,1.32,477279647755.0,12564.48353,278901355402.0,67.997,18326495.0,37986412.0,Roman Catholic,Republic
Portugal,PRT,81.52195122,36999.7,1.23,199420256050.0,19252.63495,130566947159.0,68.6329,5218272.0,10358076.0,Roman Catholic,Republic
Post-demographic dividend,PST,80.64646234,10595546.1,1.639378954,44242836057682.0,40308.68351,26924319114868.0,79.0536858,549791565.0,1097570905.0,,
Pre-demographic dividend,PRE,59.50281022,8318283.6,5.249019917,1302670365761.0,1524.22214,952299507509.0,15.15434378,310367935.0,854646007.0,,
Puerto Rico,PRI,79.59612195,1977.0,1.432,,29697.12779,,79.46876883,1178300.0,3473181.0,Roman Catholic,
Qatar,QAT,78.46270732,656.0,1.929,164641483516.0,66346.52267,36176098901.0,92.88482645,1872414.0,2481539.0,Muslim,Absolute monarchy
Romania,ROU,74.96097561,138350.0,1.52,177911101680.0,8978.389254000002,109960506279.0,55.7632,9104062.0,19815481.0,Eastern Orthodox,Republic
Russian Federation,RUS,70.90853659,2177218.2,1.75,1365864126833.0,9329.290713,714680731304.0,73.41,76288278.0,144096870.0,,
Rwanda,RWA,66.62087805,18117.0,3.967,8261034258.0,710.3483907000001,6578590578.0,18.0,5949395.0,11629553.0,Roman Catholic,Republic
Samoa,WSM,74.83870732,350.0,4.029,803985809.2,4149.411429,,25.40700977,38887.0,193759.0,Congregationalist,Republic
San Marino,SMR,,10.0,,1569258068.0,47610.98508,,,,32960.0,Roman Catholic,Republic
Sao Tome and Principe,STP,66.41665854,487.0,4.518,315880811.1,1615.3207109999998,,25.82,64373.0,195553.0,Catholic,
Saudi Arabia,SAU,74.5744878,1736472.0,2.5789999999999997,651757333333.0,20653.24205,263681841627.0,69.6162358,12991605.0,31557144.0,Muslim,Absolute monarchy
Senegal,SEN,66.66143902,88680.0,4.84,13640668374.0,910.7747772,10300193509.0,21.69026413,4855249.0,14976994.0,Muslim,Republic
Serbia,SRB,75.48780488,34685.0,1.46,37160332465.0,5237.255334,27751397372.0,65.31702539999999,3075185.0,7095383.0,Serbian Orthodox,Republic
Seychelles,SYC,73.22926829,15.5,2.3,1437722206.0,15390.040640000001,718486071.3,54.25961786,,93419.0,Roman Catholic,Republic
Sierra Leone,SLE,51.41285366,39490.0,4.561,4251869870.0,587.5162611000001,4349026102.0,6.344421603,2411915.0,7237025.0,Muslim,Republic
Singapore,SGP,82.59512195,6.6,1.24,296840704102.0,53629.737460000004,109298516148.0,79.012957,3222374.0,5535002.0,Buddhist,Republic
Sint Maarten (Dutch part),SXM,,,,,,,,,38824.0,,
Slovak Republic,SVK,77.21219512,19216.0,1.37,87501423882.0,16132.86031,47957551402.0,77.6347,2738598.0,5423801.0,,
Slovenia,SVN,81.07804878,6166.3,1.58,43072415017.0,20873.16111,23037202738.0,73.0987,1009657.0,2063531.0,Catholic,Republic
Small states,SST,68.57721416,856605.8,2.9312070539999997,448061495601.0,11504.32342,195193946684.0,43.89623664,17145290.0,38937987.0,,
Solomon Islands,SLB,70.47668293,1080.0,3.907,1129164719.0,1922.0413879999999,,10.00046498,254107.0,587482.0,Church of Melanesia,Constitutional monarchy
Somalia,SOM,55.87285366,441250.0,6.365,5925000000.0,426.00985369999995,7836000000.0,1.76,3414697.0,13908129.0,Sunni Muslim,Republic
South Africa,ZAF,61.93409756,968410.0,2.485,317610719411.0,5744.324157,189040680120.0,51.91911572,21241022.0,55011976.68,Zion Christian,Republic
South Asia,SAS,68.48545298,2704717.1,2.491493284,2682804385971.0,1538.35115,1661415418941.0,23.18890086,669026828.0,1744190704.0,,
South Asia (IDA & IBRD),TSA,68.48545298,2704717.1,2.491493284,2682804385971.0,1538.35115,1661415418941.0,23.18890086,669026828.0,1744190704.0,,
South Sudan,SSD,56.30258537,285332.0,4.938,9015221096.0,758.7205782000001,9084902217.0,5.5,4983183.0,11882136.0,,Republic
Spain,ESP,83.3804878,262660.0,1.32,1197789902774.0,25789.51955,694647340786.0,78.6896,23058550.0,46447697.0,Roman Catholic,Constitutional monarchy
Sri Lanka,LKA,74.98895122,27400.0,2.063,80611989527.0,3891.659451,56508951698.0,29.98873755,8519529.0,20966000.0,Buddhist,Republic
St. Kitts and Nevis,KNA,,60.0,,878281507.8,16178.18869,,75.7,,54288.0,,
St. Lucia,LCA,75.2835122,106.0,1.4709999999999999,1649142630.0,9306.358868000001,1136652444.0,42.53093047,96719.0,177206.0,,
St. Martin (French part),MAF,79.47073171,,1.81,,,,,,31754.0,,
St. Vincent and the Grenadines,VCT,73.06495122,100.0,1.953,755205755.9,6899.691707999999,,51.77,57423.0,109455.0,,
Sub-Saharan Africa,SSF,59.90182611,10247646.1,4.919645147,1606985506039.0,1597.639238,1144664168548.0,17.75563834,390924477.0,1005570801.0,,
Sub-Saharan Africa (excluding high income),SSA,59.90058785,10247630.6,4.9199137660000005,1605546772069.0,1596.357135,1143948469160.0,17.75216968,390924477.0,1005477382.0,,
Sub-Saharan Africa (IDA & IBRD countries),TSS,59.90182611,10247646.1,4.919645147,1606985506039.0,1597.639238,1144664168548.0,17.75563834,390924477.0,1005570801.0,,
Sudan,SDN,64.22941463,681861.6,4.595,97156119150.0,2513.884661,72586377667.0,26.61492855,10559338.0,38647803.0,Sunni Muslim,Republic
Suriname,SUR,71.28619512,882.0,2.396,4826587058.0,8724.723897,1626799799.0,42.76382778,216594.0,553208.0,Hindu,Republic
Swaziland,SWZ,56.91236585,12220.0,3.141,4020275298.0,3047.946756,2928096395.0,25.64304231,442140.0,1319011.0,Zionist,Absolute monarchy
Sweden,SWE,82.55121951,30398.0,1.88,497918109302.0,50812.19086,223964036468.0,90.6102,5182100.0,9799186.0,Lutheran,Constitutional monarchy
Switzerland,CHE,83.19756098,15088.0,1.54,679289166858.0,82016.02131,362876112241.0,87.4790556,4814298.0,8282396.0,Roman Catholic,Republic
Syrian Arab Republic,SYR,70.25265854,139210.0,2.966,,,,29.97979724,4823362.0,18734987.0,,
Tajikistan,TJK,71.00712195,47450.0,3.404,7853450374.0,918.6771543,6375930944.0,18.98,3282834.0,8548651.0,Sunni Muslim,Republic
Tanzania,TZA,64.90331707,396500.0,5.079,45628320606.0,872.2954948999999,27595368263.0,10.0,24618499.0,53879957.0,mainland,Republic
Thailand,THA,75.068,221100.0,1.4980000000000002,399234547137.0,5814.863134,205119905862.0,39.31612674,38889149.0,68657600.0,Buddhist,Constitutional monarchy
Timor-Leste,TLS,68.58002439,3800.0,5.617999999999999,1606500000.0,1294.54454,953300000.0,23.0,272590.0,1240977.0,Roman Catholic,
Togo,TGO,59.92370732,38200.0,4.5169999999999995,4087628276.0,551.1308346,3298207032.0,7.12,3346080.0,7416802.0,Christian,Republic
Tonga,TON,72.84017073,330.0,3.678,435438217.3,4093.849585,,38.65127243,40059.0,106364.0,Christian,Constitutional monarchy
Trinidad and Tobago,TTO,70.58885366,540.0,1.766,23559224762.0,17321.78762,15391068461.0,69.19847061,675854.0,1360092.0,Roman Catholic,Republic
Tunisia,TUN,75.49704878,100730.0,2.2230000000000003,43156708809.0,3828.100633,30632339672.0,48.51983599,4061011.0,11273661.0,Muslim,Republic
Turkey,TUR,75.40709756,385460.0,2.072,859794177118.0,10984.77076,519042584065.0,53.74497914,29709748.0,78271472.0,Muslim,Republic
Turkmenistan,TKM,67.64104878,338380.0,2.931,35799628571.0,6432.668768,,14.99677482,2533009.0,5565284.0,Muslim,Republic
Turks and Caicos Islands,TCA,,10.0,,,,,,,34339.0,Baptist,
Tuvalu,TUV,,18.0,,32673277.74,2970.0279739999996,,42.7,,11001.0,Church of Tuvalu,Constitutional monarchy
Uganda,UGA,59.5087561,144150.0,5.682,27059447775.0,674.044972,20795554726.0,17.83485947,14698291.0,40144870.0,Roman Catholic,Republic
Ukraine,UKR,71.1895122,412748.0,1.506,91030959455.0,2124.662666,60294259019.0,48.88464368,20929694.0,45154029.0,Ukrainian Orthodox,Republic
United Arab Emirates,ARE,77.4842439,3823.0,1.765,357949199755.0,39101.746889999995,204447438121.0,90.5,6414745.0,9154302.0,Muslim,Absolute monarchy
United Kingdom,GBR,81.60487805,171380.0,1.81,2885570309161.0,44305.55463,1892125207284.0,92.0003,33408062.0,65128861.0,Christian,Constitutional monarchy
United States,USA,78.74146341,4058625.0,1.8430000000000002,18120714000000.0,56469.00897,12332257000000.0,74.55420245,160767760.0,320896618.0,Protestant,Republic
Upper middle income,UMC,75.11854968,20586721.2,1.827551594,20772440074304.0,8112.01528,10179411536645.0,52.56886269,1330273346.0,2560411826.0,,
Uruguay,URY,77.13163415,144496.0,2.0069999999999997,53274304215.0,15524.84247,35603930275.0,64.6,1751452.0,3431552.0,Roman Catholic,Republic
Uzbekistan,UZB,71.14568293,267700.0,2.491,66903804143.0,2137.576852,35592823804.0,42.8,14721576.0,31298900.0,Muslim,Republic
Vanuatu,VUT,71.98490244,1870.0,3.312,742432131.0,2805.83414,,22.35140458,118551.0,264603.0,Presbyterian,Republic
Venezuela. RB,VEN,74.3915122,216000.0,2.3409999999999997,,,,61.86924809,14381186.0,31155134.0,,
Vietnam,VNM,75.89119512,117100.0,1.9580000000000002,193241108710.0,2065.1690989999997,131329929035.0,43.5,55367635.0,91713300.0,Buddhist,Republic
Virgin Islands (U.S.),VIR,79.87317073,40.0,1.74,3765000000.0,34954.97168,2586000000.0,54.839137300000004,50437.0,103574.0,,
West Bank and Gaza,PSE,73.30168293,2980.0,4.075,12673000000.0,2865.805109,11805100000.0,57.42419241,1201996.0,4422143.0,,
World,WLD,71.88880421,48626474.4,2.452645557,74760284140128.0,10161.62664,42957437940625.0,43.19845629,3371099761.0,7355220412.0,Christians,
Yemen. Rep.,YEM,64.72568293,235460.0,4.104,37733919936.0,1401.903319,36720862036.0,24.08540947,6009627.0,26916207.0,,
Zambia,ZMB,61.33958537,238360.0,5.041,21154394546.0,1313.889646,10714005560.0,21.0,6590858.0,16100587.0,Christian,Republic
Zimbabwe,ZWE,60.27934146,162000.0,3.8360000000000003,16304667807.0,1033.4158419999999,14211595773.0,22.7428181,7686883.0,15777451.0,syncretic,Republic
